id,mask,name,class
01_L.bmp,OperatorA_001-A_01.tiff,1,0
02_L.bmp,OperatorA_001-A_02.tiff,1,0
03_L.bmp,OperatorA_001-A_03.tiff,1,0
04_L.bmp,OperatorA_001-A_04.tiff,1,0
05_L.bmp,OperatorA_001-A_05.tiff,1,0
06_L.bmp,OperatorA_001-B_06.tiff,1,0
07_L.bmp,OperatorA_001-B_07.tiff,1,0
08_L.bmp,OperatorA_001-B_08.tiff,1,0
09_L.bmp,OperatorA_001-B_09.tiff,1,0
10_L.bmp,OperatorA_001-B_10.tiff,1,0
01_L.bmp,OperatorA_002-A_01.tiff,2,1
02_L.bmp,OperatorA_002-A_02.tiff,2,1
03_L.bmp,OperatorA_002-A_03.tiff,2,1
04_L.bmp,OperatorA_002-A_04.tiff,2,1
05_L.bmp,OperatorA_002-A_05.tiff,2,1
06_L.bmp,OperatorA_002-B_06.tiff,2,1
07_L.bmp,OperatorA_002-B_07.tiff,2,1
08_L.bmp,OperatorA_002-B_08.tiff,2,1
09_L.bmp,OperatorA_002-B_09.tiff,2,1
10_L.bmp,OperatorA_002-B_10.tiff,2,1
01_L.bmp,OperatorA_003-A_01.tiff,3,2
02_L.bmp,OperatorA_003-A_02.tiff,3,2
03_L.bmp,OperatorA_003-A_03.tiff,3,2
04_L.bmp,OperatorA_003-A_04.tiff,3,2
05_L.bmp,OperatorA_003-A_05.tiff,3,2
06_L.bmp,OperatorA_003-B_06.tiff,3,2
07_L.bmp,OperatorA_003-B_07.tiff,3,2
08_L.bmp,OperatorA_003-B_08.tiff,3,2
09_L.bmp,OperatorA_003-B_09.tiff,3,2
10_L.bmp,OperatorA_003-B_10.tiff,3,2
01_L.bmp,OperatorA_004-A_01.tiff,4,3
02_L.bmp,OperatorA_004-A_02.tiff,4,3
03_L.bmp,OperatorA_004-A_03.tiff,4,3
04_L.bmp,OperatorA_004-A_04.tiff,4,3
05_L.bmp,OperatorA_004-A_05.tiff,4,3
06_L.bmp,OperatorA_004-B_06.tiff,4,3
07_L.bmp,OperatorA_004-B_07.tiff,4,3
08_L.bmp,OperatorA_004-B_08.tiff,4,3
09_L.bmp,OperatorA_004-B_09.tiff,4,3
10_L.bmp,OperatorA_004-B_10.tiff,4,3
01_L.bmp,OperatorA_005-A_01.tiff,5,4
02_L.bmp,OperatorA_005-A_02.tiff,5,4
03_L.bmp,OperatorA_005-A_03.tiff,5,4
04_L.bmp,OperatorA_005-A_04.tiff,5,4
05_L.bmp,OperatorA_005-A_05.tiff,5,4
06_L.bmp,OperatorA_005-B_06.tiff,5,4
07_L.bmp,OperatorA_005-B_07.tiff,5,4
08_L.bmp,OperatorA_005-B_08.tiff,5,4
09_L.bmp,OperatorA_005-B_09.tiff,5,4
10_L.bmp,OperatorA_005-B_10.tiff,5,4
01_L.bmp,OperatorA_006-A_01.tiff,6,5
02_L.bmp,OperatorA_006-A_02.tiff,6,5
03_L.bmp,OperatorA_006-A_03.tiff,6,5
04_L.bmp,OperatorA_006-A_04.tiff,6,5
05_L.bmp,OperatorA_006-A_05.tiff,6,5
06_L.bmp,OperatorA_006-B_06.tiff,6,5
07_L.bmp,OperatorA_006-B_07.tiff,6,5
08_L.bmp,OperatorA_006-B_08.tiff,6,5
09_L.bmp,OperatorA_006-B_09.tiff,6,5
10_L.bmp,OperatorA_006-B_10.tiff,6,5
01_L.bmp,OperatorA_007-A_01.tiff,7,6
02_L.bmp,OperatorA_007-A_02.tiff,7,6
03_L.bmp,OperatorA_007-A_03.tiff,7,6
04_L.bmp,OperatorA_007-A_04.tiff,7,6
05_L.bmp,OperatorA_007-A_05.tiff,7,6
06_L.bmp,OperatorA_007-B_06.tiff,7,6
07_L.bmp,OperatorA_007-B_07.tiff,7,6
08_L.bmp,OperatorA_007-B_08.tiff,7,6
09_L.bmp,OperatorA_007-B_09.tiff,7,6
10_L.bmp,OperatorA_007-B_10.tiff,7,6
01_L.bmp,OperatorA_008-A_01.tiff,8,7
02_L.bmp,OperatorA_008-A_02.tiff,8,7
03_L.bmp,OperatorA_008-A_03.tiff,8,7
04_L.bmp,OperatorA_008-A_04.tiff,8,7
05_L.bmp,OperatorA_008-A_05.tiff,8,7
06_L.bmp,OperatorA_008-B_06.tiff,8,7
07_L.bmp,OperatorA_008-B_07.tiff,8,7
08_L.bmp,OperatorA_008-B_08.tiff,8,7
09_L.bmp,OperatorA_008-B_09.tiff,8,7
10_L.bmp,OperatorA_008-B_10.tiff,8,7
01_L.bmp,OperatorA_009-A_01.tiff,9,8
02_L.bmp,OperatorA_009-A_02.tiff,9,8
03_L.bmp,OperatorA_009-A_03.tiff,9,8
04_L.bmp,OperatorA_009-A_04.tiff,9,8
05_L.bmp,OperatorA_009-A_05.tiff,9,8
06_L.bmp,OperatorA_009-B_06.tiff,9,8
07_L.bmp,OperatorA_009-B_07.tiff,9,8
08_L.bmp,OperatorA_009-B_08.tiff,9,8
09_L.bmp,OperatorA_009-B_09.tiff,9,8
10_L.bmp,OperatorA_009-B_10.tiff,9,8
01_L.bmp,OperatorA_010-A_01.tiff,10,9
02_L.bmp,OperatorA_010-A_02.tiff,10,9
03_L.bmp,OperatorA_010-A_03.tiff,10,9
04_L.bmp,OperatorA_010-A_04.tiff,10,9
05_L.bmp,OperatorA_010-A_05.tiff,10,9
06_L.bmp,OperatorA_010-B_06.tiff,10,9
07_L.bmp,OperatorA_010-B_07.tiff,10,9
08_L.bmp,OperatorA_010-B_08.tiff,10,9
09_L.bmp,OperatorA_010-B_09.tiff,10,9
10_L.bmp,OperatorA_010-B_10.tiff,10,9
01_L.bmp,OperatorA_011-A_01.tiff,11,10
02_L.bmp,OperatorA_011-A_02.tiff,11,10
03_L.bmp,OperatorA_011-A_03.tiff,11,10
04_L.bmp,OperatorA_011-A_04.tiff,11,10
05_L.bmp,OperatorA_011-A_05.tiff,11,10
06_L.bmp,OperatorA_011-B_06.tiff,11,10
07_L.bmp,OperatorA_011-B_07.tiff,11,10
08_L.bmp,OperatorA_011-B_08.tiff,11,10
09_L.bmp,OperatorA_011-B_09.tiff,11,10
10_L.bmp,OperatorA_011-B_10.tiff,11,10
01_L.bmp,OperatorA_012-A_01.tiff,12,11
02_L.bmp,OperatorA_012-A_02.tiff,12,11
03_L.bmp,OperatorA_012-A_03.tiff,12,11
04_L.bmp,OperatorA_012-A_04.tiff,12,11
05_L.bmp,OperatorA_012-A_05.tiff,12,11
06_L.bmp,OperatorA_012-B_06.tiff,12,11
07_L.bmp,OperatorA_012-B_07.tiff,12,11
08_L.bmp,OperatorA_012-B_08.tiff,12,11
09_L.bmp,OperatorA_012-B_09.tiff,12,11
10_L.bmp,OperatorA_012-B_10.tiff,12,11
01_L.bmp,OperatorA_013-A_01.tiff,13,12
02_L.bmp,OperatorA_013-A_02.tiff,13,12
03_L.bmp,OperatorA_013-A_03.tiff,13,12
04_L.bmp,OperatorA_013-A_04.tiff,13,12
05_L.bmp,OperatorA_013-A_05.tiff,13,12
06_L.bmp,OperatorA_013-B_06.tiff,13,12
07_L.bmp,OperatorA_013-B_07.tiff,13,12
08_L.bmp,OperatorA_013-B_08.tiff,13,12
09_L.bmp,OperatorA_013-B_09.tiff,13,12
10_L.bmp,OperatorA_013-B_10.tiff,13,12
01_L.bmp,OperatorA_014-A_01.tiff,14,13
02_L.bmp,OperatorA_014-A_02.tiff,14,13
03_L.bmp,OperatorA_014-A_03.tiff,14,13
04_L.bmp,OperatorA_014-A_04.tiff,14,13
05_L.bmp,OperatorA_014-A_05.tiff,14,13
06_R.bmp,OperatorA_014-B_06.tiff,14,13
07_R.bmp,OperatorA_014-B_07.tiff,14,13
08_R.bmp,OperatorA_014-B_08.tiff,14,13
09_R.bmp,OperatorA_014-B_09.tiff,14,13
10_R.bmp,OperatorA_014-B_10.tiff,14,13
01_L.bmp,OperatorA_015-A_01.tiff,15,14
02_L.bmp,OperatorA_015-A_02.tiff,15,14
03_L.bmp,OperatorA_015-A_03.tiff,15,14
04_L.bmp,OperatorA_015-A_04.tiff,15,14
05_L.bmp,OperatorA_015-A_05.tiff,15,14
06_R.bmp,OperatorA_015-B_06.tiff,15,14
07_R.bmp,OperatorA_015-B_07.tiff,15,14
08_R.bmp,OperatorA_015-B_08.tiff,15,14
09_R.bmp,OperatorA_015-B_09.tiff,15,14
10_R.bmp,OperatorA_015-B_10.tiff,15,14
01_L.bmp,OperatorA_016-A_01.tiff,16,15
02_L.bmp,OperatorA_016-A_02.tiff,16,15
03_L.bmp,OperatorA_016-A_03.tiff,16,15
04_L.bmp,OperatorA_016-A_04.tiff,16,15
05_L.bmp,OperatorA_016-A_05.tiff,16,15
06_R.bmp,OperatorA_016-B_06.tiff,16,15
07_R.bmp,OperatorA_016-B_07.tiff,16,15
08_R.bmp,OperatorA_016-B_08.tiff,16,15
09_R.bmp,OperatorA_016-B_09.tiff,16,15
10_R.bmp,OperatorA_016-B_10.tiff,16,15
01_L.bmp,OperatorA_017-A_01.tiff,17,16
02_L.bmp,OperatorA_017-A_02.tiff,17,16
03_L.bmp,OperatorA_017-A_03.tiff,17,16
04_L.bmp,OperatorA_017-A_04.tiff,17,16
05_L.bmp,OperatorA_017-A_05.tiff,17,16
06_R.bmp,OperatorA_017-B_06.tiff,17,16
07_R.bmp,OperatorA_017-B_07.tiff,17,16
08_R.bmp,OperatorA_017-B_08.tiff,17,16
09_R.bmp,OperatorA_017-B_09.tiff,17,16
10_R.bmp,OperatorA_017-B_10.tiff,17,16
01_L.bmp,OperatorA_018-A_01.tiff,18,17
02_L.bmp,OperatorA_018-A_02.tiff,18,17
03_L.bmp,OperatorA_018-A_03.tiff,18,17
04_L.bmp,OperatorA_018-A_04.tiff,18,17
05_L.bmp,OperatorA_018-A_05.tiff,18,17
06_R.bmp,OperatorA_018-B_06.tiff,18,17
07_R.bmp,OperatorA_018-B_07.tiff,18,17
08_R.bmp,OperatorA_018-B_08.tiff,18,17
09_R.bmp,OperatorA_018-B_09.tiff,18,17
10_R.bmp,OperatorA_018-B_10.tiff,18,17
01_L.bmp,OperatorA_019-A_01.tiff,19,18
02_L.bmp,OperatorA_019-A_02.tiff,19,18
03_L.bmp,OperatorA_019-A_03.tiff,19,18
04_L.bmp,OperatorA_019-A_04.tiff,19,18
05_L.bmp,OperatorA_019-A_05.tiff,19,18
06_R.bmp,OperatorA_019-B_06.tiff,19,18
07_R.bmp,OperatorA_019-B_07.tiff,19,18
08_R.bmp,OperatorA_019-B_08.tiff,19,18
09_R.bmp,OperatorA_019-B_09.tiff,19,18
10_R.bmp,OperatorA_019-B_10.tiff,19,18
01_L.bmp,OperatorA_020-A_01.tiff,20,19
02_L.bmp,OperatorA_020-A_02.tiff,20,19
03_L.bmp,OperatorA_020-A_03.tiff,20,19
04_L.bmp,OperatorA_020-A_04.tiff,20,19
05_L.bmp,OperatorA_020-A_05.tiff,20,19
06_R.bmp,OperatorA_020-B_06.tiff,20,19
07_R.bmp,OperatorA_020-B_07.tiff,20,19
08_R.bmp,OperatorA_020-B_08.tiff,20,19
09_R.bmp,OperatorA_020-B_09.tiff,20,19
10_R.bmp,OperatorA_020-B_10.tiff,20,19
01_L.bmp,OperatorA_021-A_01.tiff,21,20
02_L.bmp,OperatorA_021-A_02.tiff,21,20
03_L.bmp,OperatorA_021-A_03.tiff,21,20
04_L.bmp,OperatorA_021-A_04.tiff,21,20
05_L.bmp,OperatorA_021-A_05.tiff,21,20
06_R.bmp,OperatorA_021-B_06.tiff,21,20
07_R.bmp,OperatorA_021-B_07.tiff,21,20
08_R.bmp,OperatorA_021-B_08.tiff,21,20
09_R.bmp,OperatorA_021-B_09.tiff,21,20
10_R.bmp,OperatorA_021-B_10.tiff,21,20
01_L.bmp,OperatorA_022-A_01.tiff,22,21
02_L.bmp,OperatorA_022-A_02.tiff,22,21
03_L.bmp,OperatorA_022-A_03.tiff,22,21
04_L.bmp,OperatorA_022-A_04.tiff,22,21
05_L.bmp,OperatorA_022-A_05.tiff,22,21
06_R.bmp,OperatorA_022-B_06.tiff,22,21
07_R.bmp,OperatorA_022-B_07.tiff,22,21
08_R.bmp,OperatorA_022-B_08.tiff,22,21
09_R.bmp,OperatorA_022-B_09.tiff,22,21
10_R.bmp,OperatorA_022-B_10.tiff,22,21
01_L.bmp,OperatorA_023-A_01.tiff,23,22
02_L.bmp,OperatorA_023-A_02.tiff,23,22
03_L.bmp,OperatorA_023-A_03.tiff,23,22
04_L.bmp,OperatorA_023-A_04.tiff,23,22
05_L.bmp,OperatorA_023-A_05.tiff,23,22
06_R.bmp,OperatorA_023-B_06.tiff,23,22
07_R.bmp,OperatorA_023-B_07.tiff,23,22
08_R.bmp,OperatorA_023-B_08.tiff,23,22
09_R.bmp,OperatorA_023-B_09.tiff,23,22
10_R.bmp,OperatorA_023-B_10.tiff,23,22
01_L.bmp,OperatorA_024-A_01.tiff,24,23
02_L.bmp,OperatorA_024-A_02.tiff,24,23
03_L.bmp,OperatorA_024-A_03.tiff,24,23
04_L.bmp,OperatorA_024-A_04.tiff,24,23
05_L.bmp,OperatorA_024-A_05.tiff,24,23
06_R.bmp,OperatorA_024-B_06.tiff,24,23
07_R.bmp,OperatorA_024-B_07.tiff,24,23
08_R.bmp,OperatorA_024-B_08.tiff,24,23
09_R.bmp,OperatorA_024-B_09.tiff,24,23
10_R.bmp,OperatorA_024-B_10.tiff,24,23
01_L.bmp,OperatorA_025-A_01.tiff,25,24
02_L.bmp,OperatorA_025-A_02.tiff,25,24
03_L.bmp,OperatorA_025-A_03.tiff,25,24
04_L.bmp,OperatorA_025-A_04.tiff,25,24
05_L.bmp,OperatorA_025-A_05.tiff,25,24
06_R.bmp,OperatorA_025-B_06.tiff,25,24
07_R.bmp,OperatorA_025-B_07.tiff,25,24
08_R.bmp,OperatorA_025-B_08.tiff,25,24
09_R.bmp,OperatorA_025-B_09.tiff,25,24
10_R.bmp,OperatorA_025-B_10.tiff,25,24
01_L.bmp,OperatorA_026-A_01.tiff,26,25
02_L.bmp,OperatorA_026-A_02.tiff,26,25
03_L.bmp,OperatorA_026-A_03.tiff,26,25
04_L.bmp,OperatorA_026-A_04.tiff,26,25
05_L.bmp,OperatorA_026-A_05.tiff,26,25
06_R.bmp,OperatorA_026-B_06.tiff,26,25
07_R.bmp,OperatorA_026-B_07.tiff,26,25
08_R.bmp,OperatorA_026-B_08.tiff,26,25
09_R.bmp,OperatorA_026-B_09.tiff,26,25
10_R.bmp,OperatorA_026-B_10.tiff,26,25
01_L.bmp,OperatorA_027-A_01.tiff,27,26
02_L.bmp,OperatorA_027-A_02.tiff,27,26
03_L.bmp,OperatorA_027-A_03.tiff,27,26
04_L.bmp,OperatorA_027-A_04.tiff,27,26
05_L.bmp,OperatorA_027-A_05.tiff,27,26
06_L.bmp,OperatorA_027-B_06.tiff,27,26
07_R.bmp,OperatorA_027-B_07.tiff,27,26
08_R.bmp,OperatorA_027-B_08.tiff,27,26
09_R.bmp,OperatorA_027-B_09.tiff,27,26
10_R.bmp,OperatorA_027-B_10.tiff,27,26
01_L.bmp,OperatorA_028-A_01.tiff,28,27
02_L.bmp,OperatorA_028-A_02.tiff,28,27
03_L.bmp,OperatorA_028-A_03.tiff,28,27
04_L.bmp,OperatorA_028-A_04.tiff,28,27
05_L.bmp,OperatorA_028-A_05.tiff,28,27
06_R.bmp,OperatorA_028-B_06.tiff,28,27
07_R.bmp,OperatorA_028-B_07.tiff,28,27
08_R.bmp,OperatorA_028-B_08.tiff,28,27
09_R.bmp,OperatorA_028-B_09.tiff,28,27
10_R.bmp,OperatorA_028-B_10.tiff,28,27
01_L.bmp,OperatorA_029-A_01.tiff,29,28
02_L.bmp,OperatorA_029-A_02.tiff,29,28
03_L.bmp,OperatorA_029-A_03.tiff,29,28
04_L.bmp,OperatorA_029-A_04.tiff,29,28
05_L.bmp,OperatorA_029-A_05.tiff,29,28
06_R.bmp,OperatorA_029-B_06.tiff,29,28
07_R.bmp,OperatorA_029-B_07.tiff,29,28
08_R.bmp,OperatorA_029-B_08.tiff,29,28
09_R.bmp,OperatorA_029-B_09.tiff,29,28
10_R.bmp,OperatorA_029-B_10.tiff,29,28
01_L.bmp,OperatorA_030-A_01.tiff,30,29
02_L.bmp,OperatorA_030-A_02.tiff,30,29
03_L.bmp,OperatorA_030-A_03.tiff,30,29
04_L.bmp,OperatorA_030-A_04.tiff,30,29
05_L.bmp,OperatorA_030-A_05.tiff,30,29
06_R.bmp,OperatorA_030-B_06.tiff,30,29
07_R.bmp,OperatorA_030-B_07.tiff,30,29
08_R.bmp,OperatorA_030-B_08.tiff,30,29
09_R.bmp,OperatorA_030-B_09.tiff,30,29
10_R.bmp,OperatorA_030-B_10.tiff,30,29
01_L.bmp,OperatorA_031-A_01.tiff,31,30
02_L.bmp,OperatorA_031-A_02.tiff,31,30
03_L.bmp,OperatorA_031-A_03.tiff,31,30
04_L.bmp,OperatorA_031-A_04.tiff,31,30
05_L.bmp,OperatorA_031-A_05.tiff,31,30
06_R.bmp,OperatorA_031-B_06.tiff,31,30
07_R.bmp,OperatorA_031-B_07.tiff,31,30
08_R.bmp,OperatorA_031-B_08.tiff,31,30
09_R.bmp,OperatorA_031-B_09.tiff,31,30
10_R.bmp,OperatorA_031-B_10.tiff,31,30
01_L.bmp,OperatorA_032-A_01.tiff,32,31
02_L.bmp,OperatorA_032-A_02.tiff,32,31
03_L.bmp,OperatorA_032-A_03.tiff,32,31
04_L.bmp,OperatorA_032-A_04.tiff,32,31
05_L.bmp,OperatorA_032-A_05.tiff,32,31
06_R.bmp,OperatorA_032-B_06.tiff,32,31
07_R.bmp,OperatorA_032-B_07.tiff,32,31
08_R.bmp,OperatorA_032-B_08.tiff,32,31
09_R.bmp,OperatorA_032-B_09.tiff,32,31
10_R.bmp,OperatorA_032-B_10.tiff,32,31
01_L.bmp,OperatorA_033-A_01.tiff,33,32
02_L.bmp,OperatorA_033-A_02.tiff,33,32
03_L.bmp,OperatorA_033-A_03.tiff,33,32
04_L.bmp,OperatorA_033-A_04.tiff,33,32
05_L.bmp,OperatorA_033-A_05.tiff,33,32
06_R.bmp,OperatorA_033-B_06.tiff,33,32
07_R.bmp,OperatorA_033-B_07.tiff,33,32
08_R.bmp,OperatorA_033-B_08.tiff,33,32
09_R.bmp,OperatorA_033-B_09.tiff,33,32
10_R.bmp,OperatorA_033-B_10.tiff,33,32
01_L.bmp,OperatorA_034-A_01.tiff,34,33
02_L.bmp,OperatorA_034-A_02.tiff,34,33
03_L.bmp,OperatorA_034-A_03.tiff,34,33
04_L.bmp,OperatorA_034-A_04.tiff,34,33
05_L.bmp,OperatorA_034-A_05.tiff,34,33
06_R.bmp,OperatorA_034-B_06.tiff,34,33
07_R.bmp,OperatorA_034-B_07.tiff,34,33
08_R.bmp,OperatorA_034-B_08.tiff,34,33
09_R.bmp,OperatorA_034-B_09.tiff,34,33
10_R.bmp,OperatorA_034-B_10.tiff,34,33
01_L.bmp,OperatorA_035-A_01.tiff,35,34
02_L.bmp,OperatorA_035-A_02.tiff,35,34
03_L.bmp,OperatorA_035-A_03.tiff,35,34
04_L.bmp,OperatorA_035-A_04.tiff,35,34
05_L.bmp,OperatorA_035-A_05.tiff,35,34
06_R.bmp,OperatorA_035-B_06.tiff,35,34
07_R.bmp,OperatorA_035-B_07.tiff,35,34
08_R.bmp,OperatorA_035-B_08.tiff,35,34
09_R.bmp,OperatorA_035-B_09.tiff,35,34
10_R.bmp,OperatorA_035-B_10.tiff,35,34
01_L.bmp,OperatorA_036-A_01.tiff,36,35
02_L.bmp,OperatorA_036-A_02.tiff,36,35
03_L.bmp,OperatorA_036-A_03.tiff,36,35
04_L.bmp,OperatorA_036-A_04.tiff,36,35
05_L.bmp,OperatorA_036-A_05.tiff,36,35
06_R.bmp,OperatorA_036-B_06.tiff,36,35
07_R.bmp,OperatorA_036-B_07.tiff,36,35
08_R.bmp,OperatorA_036-B_08.tiff,36,35
09_R.bmp,OperatorA_036-B_09.tiff,36,35
10_R.bmp,OperatorA_036-B_10.tiff,36,35
01_L.bmp,OperatorA_037-A_01.tiff,37,36
02_L.bmp,OperatorA_037-A_02.tiff,37,36
03_L.bmp,OperatorA_037-A_03.tiff,37,36
04_L.bmp,OperatorA_037-A_04.tiff,37,36
05_L.bmp,OperatorA_037-A_05.tiff,37,36
06_R.bmp,OperatorA_037-B_06.tiff,37,36
07_R.bmp,OperatorA_037-B_07.tiff,37,36
08_R.bmp,OperatorA_037-B_08.tiff,37,36
09_R.bmp,OperatorA_037-B_09.tiff,37,36
10_R.bmp,OperatorA_037-B_10.tiff,37,36
01_L.bmp,OperatorA_038-A_01.tiff,38,37
02_L.bmp,OperatorA_038-A_02.tiff,38,37
03_L.bmp,OperatorA_038-A_03.tiff,38,37
04_L.bmp,OperatorA_038-A_04.tiff,38,37
05_L.bmp,OperatorA_038-A_05.tiff,38,37
06_R.bmp,OperatorA_038-B_06.tiff,38,37
07_R.bmp,OperatorA_038-B_07.tiff,38,37
08_R.bmp,OperatorA_038-B_08.tiff,38,37
09_R.bmp,OperatorA_038-B_09.tiff,38,37
10_R.bmp,OperatorA_038-B_10.tiff,38,37
01_L.bmp,OperatorA_039-A_01.tiff,39,38
02_L.bmp,OperatorA_039-A_02.tiff,39,38
03_L.bmp,OperatorA_039-A_03.tiff,39,38
04_L.bmp,OperatorA_039-A_04.tiff,39,38
05_L.bmp,OperatorA_039-A_05.tiff,39,38
06_R.bmp,OperatorA_039-B_06.tiff,39,38
07_R.bmp,OperatorA_039-B_07.tiff,39,38
08_R.bmp,OperatorA_039-B_08.tiff,39,38
09_R.bmp,OperatorA_039-B_09.tiff,39,38
10_R.bmp,OperatorA_039-B_10.tiff,39,38
01_L.bmp,OperatorA_040-A_01.tiff,40,39
02_L.bmp,OperatorA_040-A_02.tiff,40,39
03_L.bmp,OperatorA_040-A_03.tiff,40,39
04_L.bmp,OperatorA_040-A_04.tiff,40,39
05_L.bmp,OperatorA_040-A_05.tiff,40,39
06_R.bmp,OperatorA_040-B_06.tiff,40,39
07_R.bmp,OperatorA_040-B_07.tiff,40,39
08_R.bmp,OperatorA_040-B_08.tiff,40,39
09_R.bmp,OperatorA_040-B_09.tiff,40,39
10_R.bmp,OperatorA_040-B_10.tiff,40,39
01_L.bmp,OperatorA_041-A_01.tiff,41,40
02_L.bmp,OperatorA_041-A_02.tiff,41,40
03_L.bmp,OperatorA_041-A_03.tiff,41,40
04_L.bmp,OperatorA_041-A_04.tiff,41,40
05_L.bmp,OperatorA_041-A_05.tiff,41,40
06_R.bmp,OperatorA_041-B_06.tiff,41,40
07_R.bmp,OperatorA_041-B_07.tiff,41,40
08_R.bmp,OperatorA_041-B_08.tiff,41,40
09_R.bmp,OperatorA_041-B_09.tiff,41,40
10_R.bmp,OperatorA_041-B_10.tiff,41,40
01_L.bmp,OperatorA_042-A_01.tiff,42,41
02_L.bmp,OperatorA_042-A_02.tiff,42,41
03_L.bmp,OperatorA_042-A_03.tiff,42,41
04_L.bmp,OperatorA_042-A_04.tiff,42,41
05_L.bmp,OperatorA_042-A_05.tiff,42,41
06_R.bmp,OperatorA_042-B_06.tiff,42,41
07_R.bmp,OperatorA_042-B_07.tiff,42,41
08_R.bmp,OperatorA_042-B_08.tiff,42,41
09_R.bmp,OperatorA_042-B_09.tiff,42,41
10_R.bmp,OperatorA_042-B_10.tiff,42,41
01_L.bmp,OperatorA_043-A_01.tiff,43,42
02_L.bmp,OperatorA_043-A_02.tiff,43,42
03_L.bmp,OperatorA_043-A_03.tiff,43,42
04_L.bmp,OperatorA_043-A_04.tiff,43,42
05_L.bmp,OperatorA_043-A_05.tiff,43,42
06_R.bmp,OperatorA_043-B_06.tiff,43,42
07_R.bmp,OperatorA_043-B_07.tiff,43,42
08_R.bmp,OperatorA_043-B_08.tiff,43,42
09_R.bmp,OperatorA_043-B_09.tiff,43,42
10_R.bmp,OperatorA_043-B_10.tiff,43,42
01_L.bmp,OperatorA_044-A_01.tiff,44,43
02_L.bmp,OperatorA_044-A_02.tiff,44,43
03_L.bmp,OperatorA_044-A_03.tiff,44,43
04_L.bmp,OperatorA_044-A_04.tiff,44,43
05_L.bmp,OperatorA_044-A_05.tiff,44,43
06_R.bmp,OperatorA_044-B_06.tiff,44,43
07_R.bmp,OperatorA_044-B_07.tiff,44,43
08_R.bmp,OperatorA_044-B_08.tiff,44,43
09_R.bmp,OperatorA_044-B_09.tiff,44,43
10_R.bmp,OperatorA_044-B_10.tiff,44,43
01_L.bmp,OperatorA_045-A_01.tiff,45,44
02_L.bmp,OperatorA_045-A_02.tiff,45,44
03_L.bmp,OperatorA_045-A_03.tiff,45,44
04_L.bmp,OperatorA_045-A_04.tiff,45,44
05_L.bmp,OperatorA_045-A_05.tiff,45,44
06_R.bmp,OperatorA_045-B_06.tiff,45,44
07_R.bmp,OperatorA_045-B_07.tiff,45,44
08_R.bmp,OperatorA_045-B_08.tiff,45,44
09_R.bmp,OperatorA_045-B_09.tiff,45,44
10_R.bmp,OperatorA_045-B_10.tiff,45,44
01_L.bmp,OperatorA_046-A_01.tiff,46,45
02_L.bmp,OperatorA_046-A_02.tiff,46,45
03_L.bmp,OperatorA_046-A_03.tiff,46,45
04_L.bmp,OperatorA_046-A_04.tiff,46,45
05_L.bmp,OperatorA_046-A_05.tiff,46,45
06_R.bmp,OperatorA_046-B_06.tiff,46,45
07_R.bmp,OperatorA_046-B_07.tiff,46,45
08_R.bmp,OperatorA_046-B_08.tiff,46,45
09_R.bmp,OperatorA_046-B_09.tiff,46,45
10_R.bmp,OperatorA_046-B_10.tiff,46,45
01_L.bmp,OperatorA_047-A_01.tiff,47,46
02_L.bmp,OperatorA_047-A_02.tiff,47,46
03_L.bmp,OperatorA_047-A_03.tiff,47,46
04_L.bmp,OperatorA_047-A_04.tiff,47,46
05_L.bmp,OperatorA_047-A_05.tiff,47,46
06_R.bmp,OperatorA_047-B_06.tiff,47,46
07_R.bmp,OperatorA_047-B_07.tiff,47,46
08_R.bmp,OperatorA_047-B_08.tiff,47,46
09_R.bmp,OperatorA_047-B_09.tiff,47,46
10_R.bmp,OperatorA_047-B_10.tiff,47,46
01_L.bmp,OperatorA_048-A_01.tiff,48,47
02_L.bmp,OperatorA_048-A_02.tiff,48,47
03_L.bmp,OperatorA_048-A_03.tiff,48,47
04_L.bmp,OperatorA_048-A_04.tiff,48,47
05_L.bmp,OperatorA_048-A_05.tiff,48,47
06_R.bmp,OperatorA_048-B_06.tiff,48,47
07_R.bmp,OperatorA_048-B_07.tiff,48,47
08_R.bmp,OperatorA_048-B_08.tiff,48,47
09_R.bmp,OperatorA_048-B_09.tiff,48,47
10_R.bmp,OperatorA_048-B_10.tiff,48,47
01_L.bmp,OperatorA_049-A_01.tiff,49,48
02_L.bmp,OperatorA_049-A_02.tiff,49,48
03_L.bmp,OperatorA_049-A_03.tiff,49,48
04_L.bmp,OperatorA_049-A_04.tiff,49,48
05_L.bmp,OperatorA_049-A_05.tiff,49,48
06_R.bmp,OperatorA_049-B_06.tiff,49,48
07_R.bmp,OperatorA_049-B_07.tiff,49,48
08_R.bmp,OperatorA_049-B_08.tiff,49,48
09_R.bmp,OperatorA_049-B_09.tiff,49,48
10_R.bmp,OperatorA_049-B_10.tiff,49,48
01_L.bmp,OperatorA_050-A_01.tiff,50,49
02_L.bmp,OperatorA_050-A_02.tiff,50,49
03_L.bmp,OperatorA_050-A_03.tiff,50,49
04_L.bmp,OperatorA_050-A_04.tiff,50,49
05_L.bmp,OperatorA_050-A_05.tiff,50,49
06_R.bmp,OperatorA_050-B_06.tiff,50,49
07_R.bmp,OperatorA_050-B_07.tiff,50,49
08_R.bmp,OperatorA_050-B_08.tiff,50,49
09_R.bmp,OperatorA_050-B_09.tiff,50,49
10_R.bmp,OperatorA_050-B_10.tiff,50,49
01_L.bmp,OperatorA_051-A_01.tiff,51,50
02_L.bmp,OperatorA_051-A_02.tiff,51,50
03_L.bmp,OperatorA_051-A_03.tiff,51,50
04_L.bmp,OperatorA_051-A_04.tiff,51,50
05_L.bmp,OperatorA_051-A_05.tiff,51,50
06_R.bmp,OperatorA_051-B_06.tiff,51,50
07_R.bmp,OperatorA_051-B_07.tiff,51,50
08_R.bmp,OperatorA_051-B_08.tiff,51,50
09_R.bmp,OperatorA_051-B_09.tiff,51,50
10_R.bmp,OperatorA_051-B_10.tiff,51,50
01_L.bmp,OperatorA_052-A_01.tiff,52,51
02_L.bmp,OperatorA_052-A_02.tiff,52,51
03_L.bmp,OperatorA_052-A_03.tiff,52,51
04_L.bmp,OperatorA_052-A_04.tiff,52,51
05_L.bmp,OperatorA_052-A_05.tiff,52,51
06_R.bmp,OperatorA_052-B_06.tiff,52,51
07_R.bmp,OperatorA_052-B_07.tiff,52,51
08_R.bmp,OperatorA_052-B_08.tiff,52,51
09_R.bmp,OperatorA_052-B_09.tiff,52,51
10_R.bmp,OperatorA_052-B_10.tiff,52,51
01_L.bmp,OperatorA_053-A_01.tiff,53,52
02_L.bmp,OperatorA_053-A_02.tiff,53,52
03_L.bmp,OperatorA_053-A_03.tiff,53,52
04_L.bmp,OperatorA_053-A_04.tiff,53,52
05_L.bmp,OperatorA_053-A_05.tiff,53,52
06_R.bmp,OperatorA_053-B_06.tiff,53,52
07_R.bmp,OperatorA_053-B_07.tiff,53,52
08_R.bmp,OperatorA_053-B_08.tiff,53,52
09_R.bmp,OperatorA_053-B_09.tiff,53,52
10_R.bmp,OperatorA_053-B_10.tiff,53,52
01_L.bmp,OperatorA_054-A_01.tiff,54,53
02_L.bmp,OperatorA_054-A_02.tiff,54,53
03_L.bmp,OperatorA_054-A_03.tiff,54,53
04_L.bmp,OperatorA_054-A_04.tiff,54,53
05_L.bmp,OperatorA_054-A_05.tiff,54,53
06_R.bmp,OperatorA_054-B_06.tiff,54,53
07_R.bmp,OperatorA_054-B_07.tiff,54,53
08_R.bmp,OperatorA_054-B_08.tiff,54,53
09_R.bmp,OperatorA_054-B_09.tiff,54,53
10_R.bmp,OperatorA_054-B_10.tiff,54,53
01_L.bmp,OperatorA_055-A_01.tiff,55,54
02_L.bmp,OperatorA_055-A_02.tiff,55,54
03_L.bmp,OperatorA_055-A_03.tiff,55,54
04_L.bmp,OperatorA_055-A_04.tiff,55,54
05_L.bmp,OperatorA_055-A_05.tiff,55,54
06_L.bmp,OperatorA_055-B_06.tiff,55,54
07_R.bmp,OperatorA_055-B_07.tiff,55,54
08_R.bmp,OperatorA_055-B_08.tiff,55,54
09_R.bmp,OperatorA_055-B_09.tiff,55,54
10_R.bmp,OperatorA_055-B_10.tiff,55,54
01_L.bmp,OperatorA_056-A_01.tiff,56,55
02_L.bmp,OperatorA_056-A_02.tiff,56,55
03_L.bmp,OperatorA_056-A_03.tiff,56,55
04_L.bmp,OperatorA_056-A_04.tiff,56,55
05_L.bmp,OperatorA_056-A_05.tiff,56,55
06_R.bmp,OperatorA_056-B_06.tiff,56,55
07_R.bmp,OperatorA_056-B_07.tiff,56,55
08_R.bmp,OperatorA_056-B_08.tiff,56,55
09_R.bmp,OperatorA_056-B_09.tiff,56,55
10_R.bmp,OperatorA_056-B_10.tiff,56,55
01_L.bmp,OperatorA_057-A_01.tiff,57,56
02_L.bmp,OperatorA_057-A_02.tiff,57,56
03_L.bmp,OperatorA_057-A_03.tiff,57,56
04_L.bmp,OperatorA_057-A_04.tiff,57,56
05_L.bmp,OperatorA_057-A_05.tiff,57,56
06_R.bmp,OperatorA_057-B_06.tiff,57,56
07_R.bmp,OperatorA_057-B_07.tiff,57,56
08_R.bmp,OperatorA_057-B_08.tiff,57,56
09_R.bmp,OperatorA_057-B_09.tiff,57,56
10_R.bmp,OperatorA_057-B_10.tiff,57,56
01_L.bmp,OperatorA_058-A_01.tiff,58,57
02_L.bmp,OperatorA_058-A_02.tiff,58,57
03_L.bmp,OperatorA_058-A_03.tiff,58,57
04_L.bmp,OperatorA_058-A_04.tiff,58,57
05_L.bmp,OperatorA_058-A_05.tiff,58,57
06_R.bmp,OperatorA_058-B_06.tiff,58,57
07_R.bmp,OperatorA_058-B_07.tiff,58,57
08_R.bmp,OperatorA_058-B_08.tiff,58,57
09_R.bmp,OperatorA_058-B_09.tiff,58,57
10_R.bmp,OperatorA_058-B_10.tiff,58,57
01_L.bmp,OperatorA_059-A_01.tiff,59,58
02_L.bmp,OperatorA_059-A_02.tiff,59,58
03_L.bmp,OperatorA_059-A_03.tiff,59,58
04_L.bmp,OperatorA_059-A_04.tiff,59,58
05_L.bmp,OperatorA_059-A_05.tiff,59,58
06_R.bmp,OperatorA_059-B_06.tiff,59,58
07_R.bmp,OperatorA_059-B_07.tiff,59,58
08_R.bmp,OperatorA_059-B_08.tiff,59,58
09_R.bmp,OperatorA_059-B_09.tiff,59,58
10_R.bmp,OperatorA_059-B_10.tiff,59,58
01_L.bmp,OperatorA_060-A_01.tiff,60,59
02_L.bmp,OperatorA_060-A_02.tiff,60,59
03_L.bmp,OperatorA_060-A_03.tiff,60,59
04_L.bmp,OperatorA_060-A_04.tiff,60,59
05_L.bmp,OperatorA_060-A_05.tiff,60,59
06_R.bmp,OperatorA_060-B_06.tiff,60,59
07_R.bmp,OperatorA_060-B_07.tiff,60,59
08_R.bmp,OperatorA_060-B_08.tiff,60,59
09_R.bmp,OperatorA_060-B_09.tiff,60,59
10_R.bmp,OperatorA_060-B_10.tiff,60,59
01_L.bmp,OperatorA_061-A_01.tiff,61,60
02_L.bmp,OperatorA_061-A_02.tiff,61,60
03_L.bmp,OperatorA_061-A_03.tiff,61,60
04_L.bmp,OperatorA_061-A_04.tiff,61,60
05_L.bmp,OperatorA_061-A_05.tiff,61,60
06_R.bmp,OperatorA_061-B_06.tiff,61,60
07_R.bmp,OperatorA_061-B_07.tiff,61,60
08_R.bmp,OperatorA_061-B_08.tiff,61,60
09_R.bmp,OperatorA_061-B_09.tiff,61,60
10_R.bmp,OperatorA_061-B_10.tiff,61,60
01_L.bmp,OperatorA_062-A_01.tiff,62,61
02_L.bmp,OperatorA_062-A_02.tiff,62,61
03_L.bmp,OperatorA_062-A_03.tiff,62,61
04_L.bmp,OperatorA_062-A_04.tiff,62,61
05_L.bmp,OperatorA_062-A_05.tiff,62,61
06_R.bmp,OperatorA_062-B_06.tiff,62,61
07_R.bmp,OperatorA_062-B_07.tiff,62,61
08_R.bmp,OperatorA_062-B_08.tiff,62,61
09_R.bmp,OperatorA_062-B_09.tiff,62,61
10_R.bmp,OperatorA_062-B_10.tiff,62,61
01_L.bmp,OperatorA_063-A_01.tiff,63,62
02_L.bmp,OperatorA_063-A_02.tiff,63,62
03_L.bmp,OperatorA_063-A_03.tiff,63,62
04_L.bmp,OperatorA_063-A_04.tiff,63,62
05_L.bmp,OperatorA_063-A_05.tiff,63,62
06_R.bmp,OperatorA_063-B_06.tiff,63,62
07_R.bmp,OperatorA_063-B_07.tiff,63,62
08_R.bmp,OperatorA_063-B_08.tiff,63,62
09_R.bmp,OperatorA_063-B_09.tiff,63,62
10_R.bmp,OperatorA_063-B_10.tiff,63,62
01_L.bmp,OperatorA_064-A_01.tiff,64,63
02_L.bmp,OperatorA_064-A_02.tiff,64,63
03_L.bmp,OperatorA_064-A_03.tiff,64,63
04_L.bmp,OperatorA_064-A_04.tiff,64,63
05_L.bmp,OperatorA_064-A_05.tiff,64,63
06_R.bmp,OperatorA_064-B_06.tiff,64,63
07_R.bmp,OperatorA_064-B_07.tiff,64,63
08_R.bmp,OperatorA_064-B_08.tiff,64,63
09_R.bmp,OperatorA_064-B_09.tiff,64,63
10_R.bmp,OperatorA_064-B_10.tiff,64,63
01_L.bmp,OperatorA_065-A_01.tiff,65,64
02_L.bmp,OperatorA_065-A_02.tiff,65,64
03_L.bmp,OperatorA_065-A_03.tiff,65,64
04_L.bmp,OperatorA_065-A_04.tiff,65,64
05_L.bmp,OperatorA_065-A_05.tiff,65,64
06_L.bmp,OperatorA_065-B_06.tiff,65,64
07_R.bmp,OperatorA_065-B_07.tiff,65,64
08_R.bmp,OperatorA_065-B_08.tiff,65,64
09_R.bmp,OperatorA_065-B_09.tiff,65,64
10_R.bmp,OperatorA_065-B_10.tiff,65,64
01_L.bmp,OperatorA_066-A_01.tiff,66,65
02_L.bmp,OperatorA_066-A_02.tiff,66,65
03_L.bmp,OperatorA_066-A_03.tiff,66,65
04_L.bmp,OperatorA_066-A_04.tiff,66,65
05_L.bmp,OperatorA_066-A_05.tiff,66,65
06_R.bmp,OperatorA_066-B_06.tiff,66,65
07_R.bmp,OperatorA_066-B_07.tiff,66,65
08_R.bmp,OperatorA_066-B_08.tiff,66,65
09_R.bmp,OperatorA_066-B_09.tiff,66,65
10_R.bmp,OperatorA_066-B_10.tiff,66,65
01_L.bmp,OperatorA_067-A_01.tiff,67,66
02_L.bmp,OperatorA_067-A_02.tiff,67,66
03_L.bmp,OperatorA_067-A_03.tiff,67,66
04_L.bmp,OperatorA_067-A_04.tiff,67,66
05_L.bmp,OperatorA_067-A_05.tiff,67,66
06_R.bmp,OperatorA_067-B_06.tiff,67,66
07_R.bmp,OperatorA_067-B_07.tiff,67,66
08_R.bmp,OperatorA_067-B_08.tiff,67,66
09_R.bmp,OperatorA_067-B_09.tiff,67,66
10_R.bmp,OperatorA_067-B_10.tiff,67,66
01_L.bmp,OperatorA_068-A_01.tiff,68,67
02_L.bmp,OperatorA_068-A_02.tiff,68,67
03_L.bmp,OperatorA_068-A_03.tiff,68,67
04_L.bmp,OperatorA_068-A_04.tiff,68,67
05_L.bmp,OperatorA_068-A_05.tiff,68,67
06_R.bmp,OperatorA_068-B_06.tiff,68,67
07_R.bmp,OperatorA_068-B_07.tiff,68,67
08_R.bmp,OperatorA_068-B_08.tiff,68,67
09_R.bmp,OperatorA_068-B_09.tiff,68,67
10_R.bmp,OperatorA_068-B_10.tiff,68,67
01_L.bmp,OperatorA_069-A_01.tiff,69,68
02_L.bmp,OperatorA_069-A_02.tiff,69,68
03_L.bmp,OperatorA_069-A_03.tiff,69,68
04_L.bmp,OperatorA_069-A_04.tiff,69,68
05_L.bmp,OperatorA_069-A_05.tiff,69,68
06_R.bmp,OperatorA_069-B_06.tiff,69,68
07_R.bmp,OperatorA_069-B_07.tiff,69,68
08_R.bmp,OperatorA_069-B_08.tiff,69,68
09_R.bmp,OperatorA_069-B_09.tiff,69,68
10_R.bmp,OperatorA_069-B_10.tiff,69,68
01_L.bmp,OperatorA_070-A_01.tiff,70,69
02_L.bmp,OperatorA_070-A_02.tiff,70,69
03_L.bmp,OperatorA_070-A_03.tiff,70,69
04_L.bmp,OperatorA_070-A_04.tiff,70,69
05_L.bmp,OperatorA_070-A_05.tiff,70,69
06_R.bmp,OperatorA_070-B_06.tiff,70,69
07_R.bmp,OperatorA_070-B_07.tiff,70,69
08_R.bmp,OperatorA_070-B_08.tiff,70,69
09_R.bmp,OperatorA_070-B_09.tiff,70,69
10_R.bmp,OperatorA_070-B_10.tiff,70,69
01_L.bmp,OperatorA_071-A_01.tiff,71,70
02_L.bmp,OperatorA_071-A_02.tiff,71,70
03_L.bmp,OperatorA_071-A_03.tiff,71,70
04_L.bmp,OperatorA_071-A_04.tiff,71,70
05_L.bmp,OperatorA_071-A_05.tiff,71,70
06_R.bmp,OperatorA_071-B_06.tiff,71,70
07_R.bmp,OperatorA_071-B_07.tiff,71,70
08_R.bmp,OperatorA_071-B_08.tiff,71,70
09_R.bmp,OperatorA_071-B_09.tiff,71,70
10_R.bmp,OperatorA_071-B_10.tiff,71,70
01_L.bmp,OperatorA_072-A_01.tiff,72,71
02_L.bmp,OperatorA_072-A_02.tiff,72,71
03_L.bmp,OperatorA_072-A_03.tiff,72,71
04_L.bmp,OperatorA_072-A_04.tiff,72,71
05_L.bmp,OperatorA_072-A_05.tiff,72,71
06_R.bmp,OperatorA_072-B_06.tiff,72,71
07_R.bmp,OperatorA_072-B_07.tiff,72,71
08_R.bmp,OperatorA_072-B_08.tiff,72,71
09_R.bmp,OperatorA_072-B_09.tiff,72,71
10_R.bmp,OperatorA_072-B_10.tiff,72,71
01_L.bmp,OperatorA_073-A_01.tiff,73,72
02_L.bmp,OperatorA_073-A_02.tiff,73,72
03_L.bmp,OperatorA_073-A_03.tiff,73,72
04_L.bmp,OperatorA_073-A_04.tiff,73,72
05_L.bmp,OperatorA_073-A_05.tiff,73,72
06_R.bmp,OperatorA_073-B_06.tiff,73,72
07_R.bmp,OperatorA_073-B_07.tiff,73,72
08_R.bmp,OperatorA_073-B_08.tiff,73,72
09_R.bmp,OperatorA_073-B_09.tiff,73,72
10_R.bmp,OperatorA_073-B_10.tiff,73,72
01_L.bmp,OperatorA_074-A_01.tiff,74,73
02_L.bmp,OperatorA_074-A_02.tiff,74,73
03_L.bmp,OperatorA_074-A_03.tiff,74,73
04_L.bmp,OperatorA_074-A_04.tiff,74,73
05_L.bmp,OperatorA_074-A_05.tiff,74,73
06_R.bmp,OperatorA_074-B_06.tiff,74,73
07_R.bmp,OperatorA_074-B_07.tiff,74,73
08_R.bmp,OperatorA_074-B_08.tiff,74,73
09_R.bmp,OperatorA_074-B_09.tiff,74,73
10_R.bmp,OperatorA_074-B_10.tiff,74,73
01_L.bmp,OperatorA_075-A_01.tiff,75,74
02_L.bmp,OperatorA_075-A_02.tiff,75,74
03_L.bmp,OperatorA_075-A_03.tiff,75,74
04_L.bmp,OperatorA_075-A_04.tiff,75,74
05_L.bmp,OperatorA_075-A_05.tiff,75,74
06_R.bmp,OperatorA_075-B_06.tiff,75,74
07_R.bmp,OperatorA_075-B_07.tiff,75,74
08_R.bmp,OperatorA_075-B_08.tiff,75,74
09_R.bmp,OperatorA_075-B_09.tiff,75,74
10_R.bmp,OperatorA_075-B_10.tiff,75,74
01_L.bmp,OperatorA_076-A_01.tiff,76,75
02_L.bmp,OperatorA_076-A_02.tiff,76,75
03_L.bmp,OperatorA_076-A_03.tiff,76,75
04_L.bmp,OperatorA_076-A_04.tiff,76,75
05_L.bmp,OperatorA_076-A_05.tiff,76,75
06_R.bmp,OperatorA_076-B_06.tiff,76,75
07_R.bmp,OperatorA_076-B_07.tiff,76,75
08_R.bmp,OperatorA_076-B_08.tiff,76,75
09_R.bmp,OperatorA_076-B_09.tiff,76,75
10_R.bmp,OperatorA_076-B_10.tiff,76,75
01_L.bmp,OperatorA_077-A_01.tiff,77,76
02_L.bmp,OperatorA_077-A_02.tiff,77,76
03_L.bmp,OperatorA_077-A_03.tiff,77,76
04_L.bmp,OperatorA_077-A_04.tiff,77,76
05_L.bmp,OperatorA_077-A_05.tiff,77,76
06_R.bmp,OperatorA_077-B_06.tiff,77,76
07_R.bmp,OperatorA_077-B_07.tiff,77,76
08_R.bmp,OperatorA_077-B_08.tiff,77,76
09_R.bmp,OperatorA_077-B_09.tiff,77,76
10_R.bmp,OperatorA_077-B_10.tiff,77,76
01_L.bmp,OperatorA_078-A_01.tiff,78,77
02_L.bmp,OperatorA_078-A_02.tiff,78,77
03_L.bmp,OperatorA_078-A_03.tiff,78,77
04_L.bmp,OperatorA_078-A_04.tiff,78,77
05_L.bmp,OperatorA_078-A_05.tiff,78,77
06_R.bmp,OperatorA_078-B_06.tiff,78,77
07_R.bmp,OperatorA_078-B_07.tiff,78,77
08_R.bmp,OperatorA_078-B_08.tiff,78,77
09_R.bmp,OperatorA_078-B_09.tiff,78,77
10_R.bmp,OperatorA_078-B_10.tiff,78,77
01_L.bmp,OperatorA_079-A_01.tiff,79,78
02_L.bmp,OperatorA_079-A_02.tiff,79,78
03_L.bmp,OperatorA_079-A_03.tiff,79,78
04_L.bmp,OperatorA_079-A_04.tiff,79,78
05_L.bmp,OperatorA_079-A_05.tiff,79,78
06_R.bmp,OperatorA_079-B_06.tiff,79,78
07_R.bmp,OperatorA_079-B_07.tiff,79,78
08_R.bmp,OperatorA_079-B_08.tiff,79,78
09_R.bmp,OperatorA_079-B_09.tiff,79,78
10_R.bmp,OperatorA_079-B_10.tiff,79,78
01_L.bmp,OperatorA_080-A_01.tiff,80,79
02_L.bmp,OperatorA_080-A_02.tiff,80,79
03_L.bmp,OperatorA_080-A_03.tiff,80,79
04_L.bmp,OperatorA_080-A_04.tiff,80,79
05_L.bmp,OperatorA_080-A_05.tiff,80,79
06_R.bmp,OperatorA_080-B_06.tiff,80,79
07_R.bmp,OperatorA_080-B_07.tiff,80,79
08_R.bmp,OperatorA_080-B_08.tiff,80,79
09_R.bmp,OperatorA_080-B_09.tiff,80,79
10_R.bmp,OperatorA_080-B_10.tiff,80,79
01_L.bmp,OperatorA_081-A_01.tiff,81,80
02_L.bmp,OperatorA_081-A_02.tiff,81,80
03_L.bmp,OperatorA_081-A_03.tiff,81,80
04_L.bmp,OperatorA_081-A_04.tiff,81,80
05_L.bmp,OperatorA_081-A_05.tiff,81,80
06_R.bmp,OperatorA_081-B_06.tiff,81,80
07_R.bmp,OperatorA_081-B_07.tiff,81,80
08_R.bmp,OperatorA_081-B_08.tiff,81,80
09_R.bmp,OperatorA_081-B_09.tiff,81,80
10_R.bmp,OperatorA_081-B_10.tiff,81,80
01_L.bmp,OperatorA_082-A_01.tiff,82,81
02_L.bmp,OperatorA_082-A_02.tiff,82,81
03_L.bmp,OperatorA_082-A_03.tiff,82,81
04_L.bmp,OperatorA_082-A_04.tiff,82,81
05_L.bmp,OperatorA_082-A_05.tiff,82,81
06_R.bmp,OperatorA_082-B_06.tiff,82,81
07_R.bmp,OperatorA_082-B_07.tiff,82,81
08_R.bmp,OperatorA_082-B_08.tiff,82,81
09_R.bmp,OperatorA_082-B_09.tiff,82,81
10_R.bmp,OperatorA_082-B_10.tiff,82,81
01_L.bmp,OperatorA_083-A_01.tiff,83,82
02_L.bmp,OperatorA_083-A_02.tiff,83,82
03_L.bmp,OperatorA_083-A_03.tiff,83,82
04_L.bmp,OperatorA_083-A_04.tiff,83,82
05_L.bmp,OperatorA_083-A_05.tiff,83,82
06_R.bmp,OperatorA_083-B_06.tiff,83,82
07_R.bmp,OperatorA_083-B_07.tiff,83,82
08_R.bmp,OperatorA_083-B_08.tiff,83,82
09_R.bmp,OperatorA_083-B_09.tiff,83,82
10_R.bmp,OperatorA_083-B_10.tiff,83,82
01_L.bmp,OperatorA_084-A_01.tiff,84,83
02_L.bmp,OperatorA_084-A_02.tiff,84,83
03_L.bmp,OperatorA_084-A_03.tiff,84,83
04_L.bmp,OperatorA_084-A_04.tiff,84,83
05_L.bmp,OperatorA_084-A_05.tiff,84,83
06_R.bmp,OperatorA_084-B_06.tiff,84,83
07_R.bmp,OperatorA_084-B_07.tiff,84,83
08_R.bmp,OperatorA_084-B_08.tiff,84,83
09_R.bmp,OperatorA_084-B_09.tiff,84,83
10_R.bmp,OperatorA_084-B_10.tiff,84,83
01_L.bmp,OperatorA_085-A_01.tiff,85,84
02_L.bmp,OperatorA_085-A_02.tiff,85,84
03_L.bmp,OperatorA_085-A_03.tiff,85,84
04_L.bmp,OperatorA_085-A_04.tiff,85,84
05_L.bmp,OperatorA_085-A_05.tiff,85,84
06_R.bmp,OperatorA_085-B_06.tiff,85,84
07_R.bmp,OperatorA_085-B_07.tiff,85,84
08_R.bmp,OperatorA_085-B_08.tiff,85,84
09_R.bmp,OperatorA_085-B_09.tiff,85,84
10_R.bmp,OperatorA_085-B_10.tiff,85,84
01_L.bmp,OperatorA_086-A_01.tiff,86,85
02_L.bmp,OperatorA_086-A_02.tiff,86,85
03_L.bmp,OperatorA_086-A_03.tiff,86,85
04_L.bmp,OperatorA_086-A_04.tiff,86,85
05_L.bmp,OperatorA_086-A_05.tiff,86,85
06_R.bmp,OperatorA_086-B_06.tiff,86,85
07_R.bmp,OperatorA_086-B_07.tiff,86,85
08_R.bmp,OperatorA_086-B_08.tiff,86,85
09_R.bmp,OperatorA_086-B_09.tiff,86,85
10_R.bmp,OperatorA_086-B_10.tiff,86,85
01_L.bmp,OperatorA_087-A_01.tiff,87,86
02_L.bmp,OperatorA_087-A_02.tiff,87,86
03_L.bmp,OperatorA_087-A_03.tiff,87,86
04_L.bmp,OperatorA_087-A_04.tiff,87,86
05_L.bmp,OperatorA_087-A_05.tiff,87,86
06_R.bmp,OperatorA_087-B_06.tiff,87,86
07_R.bmp,OperatorA_087-B_07.tiff,87,86
08_R.bmp,OperatorA_087-B_08.tiff,87,86
09_R.bmp,OperatorA_087-B_09.tiff,87,86
10_R.bmp,OperatorA_087-B_10.tiff,87,86
01_L.bmp,OperatorA_088-A_01.tiff,88,87
02_L.bmp,OperatorA_088-A_02.tiff,88,87
03_L.bmp,OperatorA_088-A_03.tiff,88,87
04_L.bmp,OperatorA_088-A_04.tiff,88,87
05_L.bmp,OperatorA_088-A_05.tiff,88,87
06_R.bmp,OperatorA_088-B_06.tiff,88,87
07_R.bmp,OperatorA_088-B_07.tiff,88,87
08_R.bmp,OperatorA_088-B_08.tiff,88,87
09_R.bmp,OperatorA_088-B_09.tiff,88,87
10_R.bmp,OperatorA_088-B_10.tiff,88,87
01_L.bmp,OperatorA_089-A_01.tiff,89,88
02_L.bmp,OperatorA_089-A_02.tiff,89,88
03_L.bmp,OperatorA_089-A_03.tiff,89,88
04_L.bmp,OperatorA_089-A_04.tiff,89,88
05_L.bmp,OperatorA_089-A_05.tiff,89,88
06_R.bmp,OperatorA_089-B_06.tiff,89,88
07_R.bmp,OperatorA_089-B_07.tiff,89,88
08_R.bmp,OperatorA_089-B_08.tiff,89,88
09_R.bmp,OperatorA_089-B_09.tiff,89,88
10_R.bmp,OperatorA_089-B_10.tiff,89,88
01_L.bmp,OperatorA_090-A_01.tiff,90,89
02_L.bmp,OperatorA_090-A_02.tiff,90,89
03_L.bmp,OperatorA_090-A_03.tiff,90,89
04_L.bmp,OperatorA_090-A_04.tiff,90,89
05_L.bmp,OperatorA_090-A_05.tiff,90,89
06_R.bmp,OperatorA_090-B_06.tiff,90,89
07_R.bmp,OperatorA_090-B_07.tiff,90,89
08_R.bmp,OperatorA_090-B_08.tiff,90,89
09_R.bmp,OperatorA_090-B_09.tiff,90,89
10_R.bmp,OperatorA_090-B_10.tiff,90,89
01_L.bmp,OperatorA_091-A_01.tiff,91,90
02_L.bmp,OperatorA_091-A_02.tiff,91,90
03_L.bmp,OperatorA_091-A_03.tiff,91,90
04_L.bmp,OperatorA_091-A_04.tiff,91,90
05_L.bmp,OperatorA_091-A_05.tiff,91,90
06_R.bmp,OperatorA_091-B_06.tiff,91,90
07_R.bmp,OperatorA_091-B_07.tiff,91,90
08_R.bmp,OperatorA_091-B_08.tiff,91,90
09_R.bmp,OperatorA_091-B_09.tiff,91,90
10_R.bmp,OperatorA_091-B_10.tiff,91,90
01_L.bmp,OperatorA_092-A_01.tiff,92,91
02_L.bmp,OperatorA_092-A_02.tiff,92,91
03_L.bmp,OperatorA_092-A_03.tiff,92,91
04_L.bmp,OperatorA_092-A_04.tiff,92,91
05_L.bmp,OperatorA_092-A_05.tiff,92,91
06_R.bmp,OperatorA_092-B_06.tiff,92,91
07_R.bmp,OperatorA_092-B_07.tiff,92,91
08_R.bmp,OperatorA_092-B_08.tiff,92,91
09_R.bmp,OperatorA_092-B_09.tiff,92,91
10_R.bmp,OperatorA_092-B_10.tiff,92,91
01_L.bmp,OperatorA_093-A_01.tiff,93,92
02_L.bmp,OperatorA_093-A_02.tiff,93,92
03_L.bmp,OperatorA_093-A_03.tiff,93,92
04_L.bmp,OperatorA_093-A_04.tiff,93,92
05_L.bmp,OperatorA_093-A_05.tiff,93,92
06_R.bmp,OperatorA_093-B_06.tiff,93,92
07_R.bmp,OperatorA_093-B_07.tiff,93,92
08_R.bmp,OperatorA_093-B_08.tiff,93,92
09_R.bmp,OperatorA_093-B_09.tiff,93,92
10_R.bmp,OperatorA_093-B_10.tiff,93,92
01_L.bmp,OperatorA_094-A_01.tiff,94,93
02_L.bmp,OperatorA_094-A_02.tiff,94,93
03_L.bmp,OperatorA_094-A_03.tiff,94,93
04_L.bmp,OperatorA_094-A_04.tiff,94,93
05_L.bmp,OperatorA_094-A_05.tiff,94,93
06_R.bmp,OperatorA_094-B_06.tiff,94,93
07_R.bmp,OperatorA_094-B_07.tiff,94,93
08_R.bmp,OperatorA_094-B_08.tiff,94,93
09_R.bmp,OperatorA_094-B_09.tiff,94,93
10_R.bmp,OperatorA_094-B_10.tiff,94,93
01_L.bmp,OperatorA_095-A_01.tiff,95,94
02_L.bmp,OperatorA_095-A_02.tiff,95,94
03_L.bmp,OperatorA_095-A_03.tiff,95,94
04_L.bmp,OperatorA_095-A_04.tiff,95,94
05_L.bmp,OperatorA_095-A_05.tiff,95,94
06_R.bmp,OperatorA_095-B_06.tiff,95,94
07_R.bmp,OperatorA_095-B_07.tiff,95,94
08_R.bmp,OperatorA_095-B_08.tiff,95,94
09_R.bmp,OperatorA_095-B_09.tiff,95,94
10_R.bmp,OperatorA_095-B_10.tiff,95,94
01_L.bmp,OperatorA_096-A_01.tiff,96,95
02_L.bmp,OperatorA_096-A_02.tiff,96,95
03_L.bmp,OperatorA_096-A_03.tiff,96,95
04_L.bmp,OperatorA_096-A_04.tiff,96,95
05_L.bmp,OperatorA_096-A_05.tiff,96,95
06_R.bmp,OperatorA_096-B_06.tiff,96,95
07_R.bmp,OperatorA_096-B_07.tiff,96,95
08_R.bmp,OperatorA_096-B_08.tiff,96,95
09_R.bmp,OperatorA_096-B_09.tiff,96,95
10_R.bmp,OperatorA_096-B_10.tiff,96,95
01_L.bmp,OperatorA_097-A_01.tiff,97,96
02_L.bmp,OperatorA_097-A_02.tiff,97,96
03_L.bmp,OperatorA_097-A_03.tiff,97,96
04_L.bmp,OperatorA_097-A_04.tiff,97,96
05_L.bmp,OperatorA_097-A_05.tiff,97,96
06_R.bmp,OperatorA_097-B_06.tiff,97,96
07_R.bmp,OperatorA_097-B_07.tiff,97,96
08_R.bmp,OperatorA_097-B_08.tiff,97,96
09_R.bmp,OperatorA_097-B_09.tiff,97,96
10_R.bmp,OperatorA_097-B_10.tiff,97,96
01_L.bmp,OperatorA_098-A_01.tiff,98,97
02_L.bmp,OperatorA_098-A_02.tiff,98,97
03_L.bmp,OperatorA_098-A_03.tiff,98,97
04_L.bmp,OperatorA_098-A_04.tiff,98,97
05_L.bmp,OperatorA_098-A_05.tiff,98,97
06_R.bmp,OperatorA_098-B_06.tiff,98,97
07_R.bmp,OperatorA_098-B_07.tiff,98,97
08_R.bmp,OperatorA_098-B_08.tiff,98,97
09_R.bmp,OperatorA_098-B_09.tiff,98,97
10_R.bmp,OperatorA_098-B_10.tiff,98,97
01_L.bmp,OperatorA_099-A_01.tiff,99,98
02_L.bmp,OperatorA_099-A_02.tiff,99,98
03_L.bmp,OperatorA_099-A_03.tiff,99,98
04_L.bmp,OperatorA_099-A_04.tiff,99,98
05_L.bmp,OperatorA_099-A_05.tiff,99,98
06_R.bmp,OperatorA_099-B_06.tiff,99,98
07_R.bmp,OperatorA_099-B_07.tiff,99,98
08_R.bmp,OperatorA_099-B_08.tiff,99,98
09_R.bmp,OperatorA_099-B_09.tiff,99,98
10_R.bmp,OperatorA_099-B_10.tiff,99,98
01_L.bmp,OperatorA_100-A_01.tiff,100,99
02_L.bmp,OperatorA_100-A_02.tiff,100,99
03_L.bmp,OperatorA_100-A_03.tiff,100,99
04_L.bmp,OperatorA_100-A_04.tiff,100,99
05_L.bmp,OperatorA_100-A_05.tiff,100,99
06_R.bmp,OperatorA_100-B_06.tiff,100,99
07_R.bmp,OperatorA_100-B_07.tiff,100,99
08_R.bmp,OperatorA_100-B_08.tiff,100,99
09_R.bmp,OperatorA_100-B_09.tiff,100,99
10_R.bmp,OperatorA_100-B_10.tiff,100,99
01_L.bmp,OperatorA_101-A_01.tiff,101,100
02_L.bmp,OperatorA_101-A_02.tiff,101,100
03_L.bmp,OperatorA_101-A_03.tiff,101,100
04_L.bmp,OperatorA_101-A_04.tiff,101,100
05_L.bmp,OperatorA_101-A_05.tiff,101,100
06_R.bmp,OperatorA_101-B_06.tiff,101,100
07_R.bmp,OperatorA_101-B_07.tiff,101,100
08_R.bmp,OperatorA_101-B_08.tiff,101,100
09_R.bmp,OperatorA_101-B_09.tiff,101,100
10_R.bmp,OperatorA_101-B_10.tiff,101,100
01_L.bmp,OperatorA_102-A_01.tiff,102,101
02_L.bmp,OperatorA_102-A_02.tiff,102,101
03_L.bmp,OperatorA_102-A_03.tiff,102,101
04_L.bmp,OperatorA_102-A_04.tiff,102,101
05_L.bmp,OperatorA_102-A_05.tiff,102,101
06_R.bmp,OperatorA_102-B_06.tiff,102,101
07_R.bmp,OperatorA_102-B_07.tiff,102,101
08_R.bmp,OperatorA_102-B_08.tiff,102,101
09_R.bmp,OperatorA_102-B_09.tiff,102,101
10_R.bmp,OperatorA_102-B_10.tiff,102,101
01_L.bmp,OperatorA_103-A_01.tiff,103,102
02_L.bmp,OperatorA_103-A_02.tiff,103,102
03_L.bmp,OperatorA_103-A_03.tiff,103,102
04_L.bmp,OperatorA_103-A_04.tiff,103,102
05_L.bmp,OperatorA_103-A_05.tiff,103,102
06_R.bmp,OperatorA_103-B_06.tiff,103,102
07_R.bmp,OperatorA_103-B_07.tiff,103,102
08_R.bmp,OperatorA_103-B_08.tiff,103,102
09_R.bmp,OperatorA_103-B_09.tiff,103,102
10_R.bmp,OperatorA_103-B_10.tiff,103,102
01_L.bmp,OperatorA_104-A_01.tiff,104,103
02_L.bmp,OperatorA_104-A_02.tiff,104,103
03_L.bmp,OperatorA_104-A_03.tiff,104,103
04_L.bmp,OperatorA_104-A_04.tiff,104,103
05_L.bmp,OperatorA_104-A_05.tiff,104,103
06_R.bmp,OperatorA_104-B_06.tiff,104,103
07_R.bmp,OperatorA_104-B_07.tiff,104,103
08_R.bmp,OperatorA_104-B_08.tiff,104,103
09_R.bmp,OperatorA_104-B_09.tiff,104,103
10_R.bmp,OperatorA_104-B_10.tiff,104,103
01_L.bmp,OperatorA_105-A_01.tiff,105,104
02_L.bmp,OperatorA_105-A_02.tiff,105,104
03_L.bmp,OperatorA_105-A_03.tiff,105,104
04_L.bmp,OperatorA_105-A_04.tiff,105,104
05_L.bmp,OperatorA_105-A_05.tiff,105,104
06_R.bmp,OperatorA_105-B_06.tiff,105,104
07_R.bmp,OperatorA_105-B_07.tiff,105,104
08_R.bmp,OperatorA_105-B_08.tiff,105,104
09_R.bmp,OperatorA_105-B_09.tiff,105,104
10_R.bmp,OperatorA_105-B_10.tiff,105,104
01_L.bmp,OperatorA_106-A_01.tiff,106,105
02_L.bmp,OperatorA_106-A_02.tiff,106,105
03_L.bmp,OperatorA_106-A_03.tiff,106,105
04_L.bmp,OperatorA_106-A_04.tiff,106,105
05_L.bmp,OperatorA_106-A_05.tiff,106,105
06_R.bmp,OperatorA_106-B_06.tiff,106,105
07_R.bmp,OperatorA_106-B_07.tiff,106,105
08_R.bmp,OperatorA_106-B_08.tiff,106,105
09_R.bmp,OperatorA_106-B_09.tiff,106,105
10_R.bmp,OperatorA_106-B_10.tiff,106,105
01_L.bmp,OperatorA_107-A_01.tiff,107,106
02_L.bmp,OperatorA_107-A_02.tiff,107,106
03_L.bmp,OperatorA_107-A_03.tiff,107,106
04_L.bmp,OperatorA_107-A_04.tiff,107,106
05_L.bmp,OperatorA_107-A_05.tiff,107,106
06_R.bmp,OperatorA_107-B_06.tiff,107,106
07_R.bmp,OperatorA_107-B_07.tiff,107,106
08_R.bmp,OperatorA_107-B_08.tiff,107,106
09_R.bmp,OperatorA_107-B_09.tiff,107,106
10_R.bmp,OperatorA_107-B_10.tiff,107,106
01_L.bmp,OperatorA_108-A_01.tiff,108,107
02_L.bmp,OperatorA_108-A_02.tiff,108,107
03_L.bmp,OperatorA_108-A_03.tiff,108,107
04_L.bmp,OperatorA_108-A_04.tiff,108,107
05_L.bmp,OperatorA_108-A_05.tiff,108,107
06_R.bmp,OperatorA_108-B_06.tiff,108,107
07_R.bmp,OperatorA_108-B_07.tiff,108,107
08_R.bmp,OperatorA_108-B_08.tiff,108,107
09_R.bmp,OperatorA_108-B_09.tiff,108,107
10_R.bmp,OperatorA_108-B_10.tiff,108,107
01_L.bmp,OperatorA_109-A_01.tiff,109,108
02_L.bmp,OperatorA_109-A_02.tiff,109,108
03_L.bmp,OperatorA_109-A_03.tiff,109,108
04_L.bmp,OperatorA_109-A_04.tiff,109,108
05_L.bmp,OperatorA_109-A_05.tiff,109,108
06_R.bmp,OperatorA_109-B_06.tiff,109,108
07_R.bmp,OperatorA_109-B_07.tiff,109,108
08_R.bmp,OperatorA_109-B_08.tiff,109,108
09_R.bmp,OperatorA_109-B_09.tiff,109,108
10_R.bmp,OperatorA_109-B_10.tiff,109,108
01_L.bmp,OperatorA_110-A_01.tiff,110,109
02_L.bmp,OperatorA_110-A_02.tiff,110,109
03_L.bmp,OperatorA_110-A_03.tiff,110,109
04_L.bmp,OperatorA_110-A_04.tiff,110,109
05_L.bmp,OperatorA_110-A_05.tiff,110,109
06_R.bmp,OperatorA_110-B_06.tiff,110,109
07_R.bmp,OperatorA_110-B_07.tiff,110,109
08_R.bmp,OperatorA_110-B_08.tiff,110,109
09_R.bmp,OperatorA_110-B_09.tiff,110,109
10_R.bmp,OperatorA_110-B_10.tiff,110,109
01_L.bmp,OperatorA_111-A_01.tiff,111,110
02_L.bmp,OperatorA_111-A_02.tiff,111,110
03_L.bmp,OperatorA_111-A_03.tiff,111,110
04_L.bmp,OperatorA_111-A_04.tiff,111,110
05_L.bmp,OperatorA_111-A_05.tiff,111,110
06_R.bmp,OperatorA_111-B_06.tiff,111,110
07_R.bmp,OperatorA_111-B_07.tiff,111,110
08_R.bmp,OperatorA_111-B_08.tiff,111,110
09_R.bmp,OperatorA_111-B_09.tiff,111,110
10_R.bmp,OperatorA_111-B_10.tiff,111,110
01_L.bmp,OperatorA_112-A_01.tiff,112,111
02_L.bmp,OperatorA_112-A_02.tiff,112,111
03_L.bmp,OperatorA_112-A_03.tiff,112,111
04_L.bmp,OperatorA_112-A_04.tiff,112,111
05_L.bmp,OperatorA_112-A_05.tiff,112,111
06_R.bmp,OperatorA_112-B_06.tiff,112,111
07_R.bmp,OperatorA_112-B_07.tiff,112,111
08_R.bmp,OperatorA_112-B_08.tiff,112,111
09_R.bmp,OperatorA_112-B_09.tiff,112,111
10_R.bmp,OperatorA_112-B_10.tiff,112,111
01_L.bmp,OperatorA_113-A_01.tiff,113,112
02_L.bmp,OperatorA_113-A_02.tiff,113,112
03_L.bmp,OperatorA_113-A_03.tiff,113,112
04_L.bmp,OperatorA_113-A_04.tiff,113,112
05_L.bmp,OperatorA_113-A_05.tiff,113,112
06_R.bmp,OperatorA_113-B_06.tiff,113,112
07_R.bmp,OperatorA_113-B_07.tiff,113,112
08_R.bmp,OperatorA_113-B_08.tiff,113,112
09_R.bmp,OperatorA_113-B_09.tiff,113,112
10_R.bmp,OperatorA_113-B_10.tiff,113,112
01_L.bmp,OperatorA_114-A_01.tiff,114,113
02_L.bmp,OperatorA_114-A_02.tiff,114,113
03_L.bmp,OperatorA_114-A_03.tiff,114,113
04_L.bmp,OperatorA_114-A_04.tiff,114,113
05_L.bmp,OperatorA_114-A_05.tiff,114,113
06_R.bmp,OperatorA_114-B_06.tiff,114,113
07_R.bmp,OperatorA_114-B_07.tiff,114,113
08_R.bmp,OperatorA_114-B_08.tiff,114,113
09_R.bmp,OperatorA_114-B_09.tiff,114,113
10_R.bmp,OperatorA_114-B_10.tiff,114,113
01_L.bmp,OperatorA_115-A_01.tiff,115,114
02_L.bmp,OperatorA_115-A_02.tiff,115,114
03_L.bmp,OperatorA_115-A_03.tiff,115,114
04_L.bmp,OperatorA_115-A_04.tiff,115,114
05_L.bmp,OperatorA_115-A_05.tiff,115,114
06_R.bmp,OperatorA_115-B_06.tiff,115,114
07_R.bmp,OperatorA_115-B_07.tiff,115,114
08_R.bmp,OperatorA_115-B_08.tiff,115,114
09_R.bmp,OperatorA_115-B_09.tiff,115,114
10_R.bmp,OperatorA_115-B_10.tiff,115,114
01_L.bmp,OperatorA_116-A_01.tiff,116,115
02_L.bmp,OperatorA_116-A_02.tiff,116,115
03_L.bmp,OperatorA_116-A_03.tiff,116,115
04_L.bmp,OperatorA_116-A_04.tiff,116,115
05_L.bmp,OperatorA_116-A_05.tiff,116,115
06_R.bmp,OperatorA_116-B_06.tiff,116,115
07_R.bmp,OperatorA_116-B_07.tiff,116,115
08_R.bmp,OperatorA_116-B_08.tiff,116,115
09_R.bmp,OperatorA_116-B_09.tiff,116,115
10_R.bmp,OperatorA_116-B_10.tiff,116,115
01_L.bmp,OperatorA_117-A_01.tiff,117,116
02_L.bmp,OperatorA_117-A_02.tiff,117,116
03_L.bmp,OperatorA_117-A_03.tiff,117,116
04_L.bmp,OperatorA_117-A_04.tiff,117,116
05_L.bmp,OperatorA_117-A_05.tiff,117,116
06_R.bmp,OperatorA_117-B_06.tiff,117,116
07_R.bmp,OperatorA_117-B_07.tiff,117,116
08_R.bmp,OperatorA_117-B_08.tiff,117,116
09_R.bmp,OperatorA_117-B_09.tiff,117,116
10_R.bmp,OperatorA_117-B_10.tiff,117,116
01_L.bmp,OperatorA_118-A_01.tiff,118,117
02_L.bmp,OperatorA_118-A_02.tiff,118,117
03_L.bmp,OperatorA_118-A_03.tiff,118,117
04_L.bmp,OperatorA_118-A_04.tiff,118,117
05_L.bmp,OperatorA_118-A_05.tiff,118,117
06_R.bmp,OperatorA_118-B_06.tiff,118,117
07_R.bmp,OperatorA_118-B_07.tiff,118,117
08_R.bmp,OperatorA_118-B_08.tiff,118,117
09_R.bmp,OperatorA_118-B_09.tiff,118,117
10_R.bmp,OperatorA_118-B_10.tiff,118,117
01_L.bmp,OperatorA_119-A_01.tiff,119,118
02_L.bmp,OperatorA_119-A_02.tiff,119,118
03_L.bmp,OperatorA_119-A_03.tiff,119,118
04_L.bmp,OperatorA_119-A_04.tiff,119,118
05_L.bmp,OperatorA_119-A_05.tiff,119,118
06_R.bmp,OperatorA_119-B_06.tiff,119,118
07_R.bmp,OperatorA_119-B_07.tiff,119,118
08_R.bmp,OperatorA_119-B_08.tiff,119,118
09_R.bmp,OperatorA_119-B_09.tiff,119,118
10_R.bmp,OperatorA_119-B_10.tiff,119,118
01_L.bmp,OperatorA_120-A_01.tiff,120,119
02_L.bmp,OperatorA_120-A_02.tiff,120,119
03_L.bmp,OperatorA_120-A_03.tiff,120,119
04_L.bmp,OperatorA_120-A_04.tiff,120,119
05_L.bmp,OperatorA_120-A_05.tiff,120,119
06_R.bmp,OperatorA_120-B_06.tiff,120,119
07_R.bmp,OperatorA_120-B_07.tiff,120,119
08_R.bmp,OperatorA_120-B_08.tiff,120,119
09_R.bmp,OperatorA_120-B_09.tiff,120,119
10_R.bmp,OperatorA_120-B_10.tiff,120,119
01_L.bmp,OperatorA_121-A_01.tiff,121,120
02_L.bmp,OperatorA_121-A_02.tiff,121,120
03_L.bmp,OperatorA_121-A_03.tiff,121,120
04_L.bmp,OperatorA_121-A_04.tiff,121,120
05_L.bmp,OperatorA_121-A_05.tiff,121,120
06_R.bmp,OperatorA_121-B_06.tiff,121,120
07_R.bmp,OperatorA_121-B_07.tiff,121,120
08_R.bmp,OperatorA_121-B_08.tiff,121,120
09_R.bmp,OperatorA_121-B_09.tiff,121,120
10_R.bmp,OperatorA_121-B_10.tiff,121,120
01_L.bmp,OperatorA_122-A_01.tiff,122,121
02_L.bmp,OperatorA_122-A_02.tiff,122,121
03_L.bmp,OperatorA_122-A_03.tiff,122,121
04_L.bmp,OperatorA_122-A_04.tiff,122,121
05_L.bmp,OperatorA_122-A_05.tiff,122,121
06_R.bmp,OperatorA_122-B_06.tiff,122,121
07_R.bmp,OperatorA_122-B_07.tiff,122,121
08_R.bmp,OperatorA_122-B_08.tiff,122,121
09_R.bmp,OperatorA_122-B_09.tiff,122,121
10_R.bmp,OperatorA_122-B_10.tiff,122,121
01_L.bmp,OperatorA_123-A_01.tiff,123,122
02_L.bmp,OperatorA_123-A_02.tiff,123,122
03_L.bmp,OperatorA_123-A_03.tiff,123,122
04_L.bmp,OperatorA_123-A_04.tiff,123,122
05_L.bmp,OperatorA_123-A_05.tiff,123,122
06_R.bmp,OperatorA_123-B_06.tiff,123,122
07_R.bmp,OperatorA_123-B_07.tiff,123,122
08_R.bmp,OperatorA_123-B_08.tiff,123,122
09_R.bmp,OperatorA_123-B_09.tiff,123,122
10_R.bmp,OperatorA_123-B_10.tiff,123,122
01_L.bmp,OperatorA_124-A_01.tiff,124,123
02_L.bmp,OperatorA_124-A_02.tiff,124,123
03_L.bmp,OperatorA_124-A_03.tiff,124,123
04_L.bmp,OperatorA_124-A_04.tiff,124,123
05_L.bmp,OperatorA_124-A_05.tiff,124,123
06_R.bmp,OperatorA_124-B_06.tiff,124,123
07_R.bmp,OperatorA_124-B_07.tiff,124,123
08_R.bmp,OperatorA_124-B_08.tiff,124,123
09_R.bmp,OperatorA_124-B_09.tiff,124,123
10_R.bmp,OperatorA_124-B_10.tiff,124,123
01_L.bmp,OperatorA_125-A_01.tiff,125,124
02_L.bmp,OperatorA_125-A_02.tiff,125,124
03_L.bmp,OperatorA_125-A_03.tiff,125,124
04_L.bmp,OperatorA_125-A_04.tiff,125,124
05_L.bmp,OperatorA_125-A_05.tiff,125,124
06_R.bmp,OperatorA_125-B_06.tiff,125,124
07_R.bmp,OperatorA_125-B_07.tiff,125,124
08_R.bmp,OperatorA_125-B_08.tiff,125,124
09_R.bmp,OperatorA_125-B_09.tiff,125,124
10_R.bmp,OperatorA_125-B_10.tiff,125,124
01_L.bmp,OperatorA_126-A_01.tiff,126,125
02_L.bmp,OperatorA_126-A_02.tiff,126,125
03_L.bmp,OperatorA_126-A_03.tiff,126,125
04_L.bmp,OperatorA_126-A_04.tiff,126,125
05_L.bmp,OperatorA_126-A_05.tiff,126,125
06_R.bmp,OperatorA_126-B_06.tiff,126,125
07_R.bmp,OperatorA_126-B_07.tiff,126,125
08_R.bmp,OperatorA_126-B_08.tiff,126,125
09_R.bmp,OperatorA_126-B_09.tiff,126,125
10_R.bmp,OperatorA_126-B_10.tiff,126,125
01_L.bmp,OperatorA_127-A_01.tiff,127,126
02_L.bmp,OperatorA_127-A_02.tiff,127,126
03_L.bmp,OperatorA_127-A_03.tiff,127,126
04_L.bmp,OperatorA_127-A_04.tiff,127,126
05_L.bmp,OperatorA_127-A_05.tiff,127,126
06_R.bmp,OperatorA_127-B_06.tiff,127,126
07_R.bmp,OperatorA_127-B_07.tiff,127,126
08_R.bmp,OperatorA_127-B_08.tiff,127,126
09_R.bmp,OperatorA_127-B_09.tiff,127,126
10_R.bmp,OperatorA_127-B_10.tiff,127,126
01_L.bmp,OperatorA_128-A_01.tiff,128,127
02_L.bmp,OperatorA_128-A_02.tiff,128,127
03_L.bmp,OperatorA_128-A_03.tiff,128,127
04_L.bmp,OperatorA_128-A_04.tiff,128,127
05_L.bmp,OperatorA_128-A_05.tiff,128,127
06_R.bmp,OperatorA_128-B_06.tiff,128,127
07_R.bmp,OperatorA_128-B_07.tiff,128,127
08_R.bmp,OperatorA_128-B_08.tiff,128,127
09_R.bmp,OperatorA_128-B_09.tiff,128,127
10_R.bmp,OperatorA_128-B_10.tiff,128,127
01_L.bmp,OperatorA_129-A_01.tiff,129,128
02_L.bmp,OperatorA_129-A_02.tiff,129,128
03_L.bmp,OperatorA_129-A_03.tiff,129,128
04_L.bmp,OperatorA_129-A_04.tiff,129,128
05_L.bmp,OperatorA_129-A_05.tiff,129,128
06_R.bmp,OperatorA_129-B_06.tiff,129,128
07_R.bmp,OperatorA_129-B_07.tiff,129,128
08_R.bmp,OperatorA_129-B_08.tiff,129,128
09_R.bmp,OperatorA_129-B_09.tiff,129,128
10_R.bmp,OperatorA_129-B_10.tiff,129,128
01_L.bmp,OperatorA_130-A_01.tiff,130,129
02_L.bmp,OperatorA_130-A_02.tiff,130,129
03_L.bmp,OperatorA_130-A_03.tiff,130,129
04_L.bmp,OperatorA_130-A_04.tiff,130,129
05_L.bmp,OperatorA_130-A_05.tiff,130,129
06_R.bmp,OperatorA_130-B_06.tiff,130,129
07_R.bmp,OperatorA_130-B_07.tiff,130,129
08_R.bmp,OperatorA_130-B_08.tiff,130,129
09_R.bmp,OperatorA_130-B_09.tiff,130,129
10_R.bmp,OperatorA_130-B_10.tiff,130,129
01_L.bmp,OperatorA_131-A_01.tiff,131,130
02_L.bmp,OperatorA_131-A_02.tiff,131,130
03_L.bmp,OperatorA_131-A_03.tiff,131,130
04_L.bmp,OperatorA_131-A_04.tiff,131,130
05_L.bmp,OperatorA_131-A_05.tiff,131,130
06_R.bmp,OperatorA_131-B_06.tiff,131,130
07_R.bmp,OperatorA_131-B_07.tiff,131,130
08_R.bmp,OperatorA_131-B_08.tiff,131,130
09_R.bmp,OperatorA_131-B_09.tiff,131,130
10_R.bmp,OperatorA_131-B_10.tiff,131,130
01_L.bmp,OperatorA_132-A_01.tiff,132,131
02_L.bmp,OperatorA_132-A_02.tiff,132,131
03_L.bmp,OperatorA_132-A_03.tiff,132,131
04_L.bmp,OperatorA_132-A_04.tiff,132,131
05_L.bmp,OperatorA_132-A_05.tiff,132,131
06_R.bmp,OperatorA_132-B_06.tiff,132,131
07_R.bmp,OperatorA_132-B_07.tiff,132,131
08_R.bmp,OperatorA_132-B_08.tiff,132,131
09_R.bmp,OperatorA_132-B_09.tiff,132,131
10_R.bmp,OperatorA_132-B_10.tiff,132,131
01_L.bmp,OperatorA_133-A_01.tiff,133,132
02_L.bmp,OperatorA_133-A_02.tiff,133,132
03_L.bmp,OperatorA_133-A_03.tiff,133,132
04_L.bmp,OperatorA_133-A_04.tiff,133,132
05_L.bmp,OperatorA_133-A_05.tiff,133,132
06_R.bmp,OperatorA_133-B_06.tiff,133,132
07_R.bmp,OperatorA_133-B_07.tiff,133,132
08_R.bmp,OperatorA_133-B_08.tiff,133,132
09_R.bmp,OperatorA_133-B_09.tiff,133,132
10_R.bmp,OperatorA_133-B_10.tiff,133,132
01_L.bmp,OperatorA_134-A_01.tiff,134,133
02_L.bmp,OperatorA_134-A_02.tiff,134,133
03_L.bmp,OperatorA_134-A_03.tiff,134,133
04_L.bmp,OperatorA_134-A_04.tiff,134,133
05_L.bmp,OperatorA_134-A_05.tiff,134,133
06_R.bmp,OperatorA_134-B_06.tiff,134,133
07_R.bmp,OperatorA_134-B_07.tiff,134,133
08_R.bmp,OperatorA_134-B_08.tiff,134,133
09_R.bmp,OperatorA_134-B_09.tiff,134,133
10_R.bmp,OperatorA_134-B_10.tiff,134,133
01_L.bmp,OperatorA_135-A_01.tiff,135,134
02_L.bmp,OperatorA_135-A_02.tiff,135,134
03_L.bmp,OperatorA_135-A_03.tiff,135,134
04_L.bmp,OperatorA_135-A_04.tiff,135,134
05_L.bmp,OperatorA_135-A_05.tiff,135,134
06_R.bmp,OperatorA_135-B_06.tiff,135,134
07_R.bmp,OperatorA_135-B_07.tiff,135,134
08_R.bmp,OperatorA_135-B_08.tiff,135,134
09_R.bmp,OperatorA_135-B_09.tiff,135,134
10_R.bmp,OperatorA_135-B_10.tiff,135,134
01_L.bmp,OperatorA_136-A_01.tiff,136,135
02_L.bmp,OperatorA_136-A_02.tiff,136,135
03_L.bmp,OperatorA_136-A_03.tiff,136,135
04_L.bmp,OperatorA_136-A_04.tiff,136,135
05_L.bmp,OperatorA_136-A_05.tiff,136,135
06_R.bmp,OperatorA_136-B_06.tiff,136,135
07_R.bmp,OperatorA_136-B_07.tiff,136,135
08_R.bmp,OperatorA_136-B_08.tiff,136,135
09_R.bmp,OperatorA_136-B_09.tiff,136,135
10_R.bmp,OperatorA_136-B_10.tiff,136,135
01_L.bmp,OperatorA_137-A_01.tiff,137,136
02_L.bmp,OperatorA_137-A_02.tiff,137,136
03_L.bmp,OperatorA_137-A_03.tiff,137,136
04_L.bmp,OperatorA_137-A_04.tiff,137,136
05_L.bmp,OperatorA_137-A_05.tiff,137,136
06_R.bmp,OperatorA_137-B_06.tiff,137,136
07_R.bmp,OperatorA_137-B_07.tiff,137,136
08_R.bmp,OperatorA_137-B_08.tiff,137,136
09_R.bmp,OperatorA_137-B_09.tiff,137,136
10_R.bmp,OperatorA_137-B_10.tiff,137,136
01_L.bmp,OperatorA_138-A_01.tiff,138,137
02_L.bmp,OperatorA_138-A_02.tiff,138,137
03_L.bmp,OperatorA_138-A_03.tiff,138,137
04_L.bmp,OperatorA_138-A_04.tiff,138,137
05_L.bmp,OperatorA_138-A_05.tiff,138,137
06_R.bmp,OperatorA_138-B_06.tiff,138,137
07_R.bmp,OperatorA_138-B_07.tiff,138,137
08_R.bmp,OperatorA_138-B_08.tiff,138,137
09_R.bmp,OperatorA_138-B_09.tiff,138,137
10_R.bmp,OperatorA_138-B_10.tiff,138,137
01_L.bmp,OperatorA_139-A_01.tiff,139,138
02_L.bmp,OperatorA_139-A_02.tiff,139,138
03_L.bmp,OperatorA_139-A_03.tiff,139,138
04_L.bmp,OperatorA_139-A_04.tiff,139,138
05_L.bmp,OperatorA_139-A_05.tiff,139,138
06_R.bmp,OperatorA_139-B_06.tiff,139,138
07_R.bmp,OperatorA_139-B_07.tiff,139,138
08_R.bmp,OperatorA_139-B_08.tiff,139,138
09_R.bmp,OperatorA_139-B_09.tiff,139,138
10_R.bmp,OperatorA_139-B_10.tiff,139,138
01_L.bmp,OperatorA_140-A_01.tiff,140,139
02_L.bmp,OperatorA_140-A_02.tiff,140,139
03_L.bmp,OperatorA_140-A_03.tiff,140,139
04_L.bmp,OperatorA_140-A_04.tiff,140,139
05_L.bmp,OperatorA_140-A_05.tiff,140,139
06_R.bmp,OperatorA_140-B_06.tiff,140,139
07_R.bmp,OperatorA_140-B_07.tiff,140,139
08_R.bmp,OperatorA_140-B_08.tiff,140,139
09_R.bmp,OperatorA_140-B_09.tiff,140,139
10_R.bmp,OperatorA_140-B_10.tiff,140,139
01_L.bmp,OperatorA_141-A_01.tiff,141,140
02_L.bmp,OperatorA_141-A_02.tiff,141,140
03_L.bmp,OperatorA_141-A_03.tiff,141,140
04_L.bmp,OperatorA_141-A_04.tiff,141,140
05_L.bmp,OperatorA_141-A_05.tiff,141,140
06_R.bmp,OperatorA_141-B_06.tiff,141,140
07_R.bmp,OperatorA_141-B_07.tiff,141,140
08_R.bmp,OperatorA_141-B_08.tiff,141,140
09_R.bmp,OperatorA_141-B_09.tiff,141,140
10_R.bmp,OperatorA_141-B_10.tiff,141,140
01_L.bmp,OperatorA_142-A_01.tiff,142,141
02_L.bmp,OperatorA_142-A_02.tiff,142,141
03_L.bmp,OperatorA_142-A_03.tiff,142,141
04_L.bmp,OperatorA_142-A_04.tiff,142,141
05_L.bmp,OperatorA_142-A_05.tiff,142,141
06_R.bmp,OperatorA_142-B_06.tiff,142,141
07_R.bmp,OperatorA_142-B_07.tiff,142,141
08_R.bmp,OperatorA_142-B_08.tiff,142,141
09_R.bmp,OperatorA_142-B_09.tiff,142,141
10_R.bmp,OperatorA_142-B_10.tiff,142,141
01_L.bmp,OperatorA_143-A_01.tiff,143,142
02_L.bmp,OperatorA_143-A_02.tiff,143,142
03_L.bmp,OperatorA_143-A_03.tiff,143,142
04_L.bmp,OperatorA_143-A_04.tiff,143,142
05_L.bmp,OperatorA_143-A_05.tiff,143,142
06_R.bmp,OperatorA_143-B_06.tiff,143,142
07_R.bmp,OperatorA_143-B_07.tiff,143,142
08_R.bmp,OperatorA_143-B_08.tiff,143,142
09_R.bmp,OperatorA_143-B_09.tiff,143,142
10_R.bmp,OperatorA_143-B_10.tiff,143,142
01_L.bmp,OperatorA_144-A_01.tiff,144,143
02_L.bmp,OperatorA_144-A_02.tiff,144,143
03_L.bmp,OperatorA_144-A_03.tiff,144,143
04_L.bmp,OperatorA_144-A_04.tiff,144,143
05_L.bmp,OperatorA_144-A_05.tiff,144,143
06_R.bmp,OperatorA_144-B_06.tiff,144,143
07_R.bmp,OperatorA_144-B_07.tiff,144,143
08_R.bmp,OperatorA_144-B_08.tiff,144,143
09_R.bmp,OperatorA_144-B_09.tiff,144,143
10_R.bmp,OperatorA_144-B_10.tiff,144,143
01_L.bmp,OperatorA_145-A_01.tiff,145,144
02_L.bmp,OperatorA_145-A_02.tiff,145,144
03_L.bmp,OperatorA_145-A_03.tiff,145,144
04_L.bmp,OperatorA_145-A_04.tiff,145,144
05_L.bmp,OperatorA_145-A_05.tiff,145,144
06_R.bmp,OperatorA_145-B_06.tiff,145,144
07_R.bmp,OperatorA_145-B_07.tiff,145,144
08_R.bmp,OperatorA_145-B_08.tiff,145,144
09_R.bmp,OperatorA_145-B_09.tiff,145,144
10_R.bmp,OperatorA_145-B_10.tiff,145,144
01_L.bmp,OperatorA_146-A_01.tiff,146,145
02_L.bmp,OperatorA_146-A_02.tiff,146,145
03_L.bmp,OperatorA_146-A_03.tiff,146,145
04_L.bmp,OperatorA_146-A_04.tiff,146,145
05_L.bmp,OperatorA_146-A_05.tiff,146,145
06_R.bmp,OperatorA_146-B_06.tiff,146,145
07_R.bmp,OperatorA_146-B_07.tiff,146,145
08_R.bmp,OperatorA_146-B_08.tiff,146,145
09_R.bmp,OperatorA_146-B_09.tiff,146,145
10_R.bmp,OperatorA_146-B_10.tiff,146,145
01_L.bmp,OperatorA_147-A_01.tiff,147,146
02_L.bmp,OperatorA_147-A_02.tiff,147,146
03_L.bmp,OperatorA_147-A_03.tiff,147,146
04_L.bmp,OperatorA_147-A_04.tiff,147,146
05_L.bmp,OperatorA_147-A_05.tiff,147,146
06_R.bmp,OperatorA_147-B_06.tiff,147,146
07_R.bmp,OperatorA_147-B_07.tiff,147,146
08_R.bmp,OperatorA_147-B_08.tiff,147,146
09_R.bmp,OperatorA_147-B_09.tiff,147,146
10_R.bmp,OperatorA_147-B_10.tiff,147,146
01_L.bmp,OperatorA_148-A_01.tiff,148,147
02_L.bmp,OperatorA_148-A_02.tiff,148,147
03_L.bmp,OperatorA_148-A_03.tiff,148,147
04_L.bmp,OperatorA_148-A_04.tiff,148,147
05_L.bmp,OperatorA_148-A_05.tiff,148,147
06_R.bmp,OperatorA_148-B_06.tiff,148,147
07_R.bmp,OperatorA_148-B_07.tiff,148,147
08_R.bmp,OperatorA_148-B_08.tiff,148,147
09_R.bmp,OperatorA_148-B_09.tiff,148,147
10_R.bmp,OperatorA_148-B_10.tiff,148,147
01_L.bmp,OperatorA_149-A_01.tiff,149,148
02_L.bmp,OperatorA_149-A_02.tiff,149,148
03_L.bmp,OperatorA_149-A_03.tiff,149,148
04_L.bmp,OperatorA_149-A_04.tiff,149,148
05_L.bmp,OperatorA_149-A_05.tiff,149,148
06_R.bmp,OperatorA_149-B_06.tiff,149,148
07_R.bmp,OperatorA_149-B_07.tiff,149,148
08_R.bmp,OperatorA_149-B_08.tiff,149,148
09_R.bmp,OperatorA_149-B_09.tiff,149,148
10_R.bmp,OperatorA_149-B_10.tiff,149,148
01_L.bmp,OperatorA_150-A_01.tiff,150,149
02_L.bmp,OperatorA_150-A_02.tiff,150,149
03_L.bmp,OperatorA_150-A_03.tiff,150,149
04_L.bmp,OperatorA_150-A_04.tiff,150,149
05_L.bmp,OperatorA_150-A_05.tiff,150,149
06_R.bmp,OperatorA_150-B_06.tiff,150,149
07_R.bmp,OperatorA_150-B_07.tiff,150,149
08_R.bmp,OperatorA_150-B_08.tiff,150,149
09_R.bmp,OperatorA_150-B_09.tiff,150,149
10_R.bmp,OperatorA_150-B_10.tiff,150,149
01_L.bmp,OperatorA_151-A_01.tiff,151,150
02_L.bmp,OperatorA_151-A_02.tiff,151,150
03_L.bmp,OperatorA_151-A_03.tiff,151,150
04_L.bmp,OperatorA_151-A_04.tiff,151,150
05_L.bmp,OperatorA_151-A_05.tiff,151,150
06_R.bmp,OperatorA_151-B_06.tiff,151,150
07_R.bmp,OperatorA_151-B_07.tiff,151,150
08_R.bmp,OperatorA_151-B_08.tiff,151,150
09_R.bmp,OperatorA_151-B_09.tiff,151,150
10_R.bmp,OperatorA_151-B_10.tiff,151,150
01_L.bmp,OperatorA_152-A_01.tiff,152,151
02_L.bmp,OperatorA_152-A_02.tiff,152,151
03_L.bmp,OperatorA_152-A_03.tiff,152,151
04_L.bmp,OperatorA_152-A_04.tiff,152,151
05_L.bmp,OperatorA_152-A_05.tiff,152,151
06_R.bmp,OperatorA_152-B_06.tiff,152,151
07_R.bmp,OperatorA_152-B_07.tiff,152,151
08_R.bmp,OperatorA_152-B_08.tiff,152,151
09_R.bmp,OperatorA_152-B_09.tiff,152,151
10_R.bmp,OperatorA_152-B_10.tiff,152,151
01_L.bmp,OperatorA_153-A_01.tiff,153,152
02_L.bmp,OperatorA_153-A_02.tiff,153,152
03_L.bmp,OperatorA_153-A_03.tiff,153,152
04_L.bmp,OperatorA_153-A_04.tiff,153,152
05_L.bmp,OperatorA_153-A_05.tiff,153,152
06_R.bmp,OperatorA_153-B_06.tiff,153,152
07_R.bmp,OperatorA_153-B_07.tiff,153,152
08_R.bmp,OperatorA_153-B_08.tiff,153,152
09_R.bmp,OperatorA_153-B_09.tiff,153,152
10_R.bmp,OperatorA_153-B_10.tiff,153,152
01_L.bmp,OperatorA_154-A_01.tiff,154,153
02_L.bmp,OperatorA_154-A_02.tiff,154,153
03_L.bmp,OperatorA_154-A_03.tiff,154,153
04_L.bmp,OperatorA_154-A_04.tiff,154,153
05_L.bmp,OperatorA_154-A_05.tiff,154,153
06_R.bmp,OperatorA_154-B_06.tiff,154,153
07_R.bmp,OperatorA_154-B_07.tiff,154,153
08_R.bmp,OperatorA_154-B_08.tiff,154,153
09_R.bmp,OperatorA_154-B_09.tiff,154,153
10_R.bmp,OperatorA_154-B_10.tiff,154,153
01_L.bmp,OperatorA_155-A_01.tiff,155,154
02_L.bmp,OperatorA_155-A_02.tiff,155,154
03_L.bmp,OperatorA_155-A_03.tiff,155,154
04_L.bmp,OperatorA_155-A_04.tiff,155,154
05_L.bmp,OperatorA_155-A_05.tiff,155,154
06_R.bmp,OperatorA_155-B_06.tiff,155,154
07_R.bmp,OperatorA_155-B_07.tiff,155,154
08_R.bmp,OperatorA_155-B_08.tiff,155,154
09_R.bmp,OperatorA_155-B_09.tiff,155,154
10_R.bmp,OperatorA_155-B_10.tiff,155,154
01_L.bmp,OperatorA_156-A_01.tiff,156,155
02_L.bmp,OperatorA_156-A_02.tiff,156,155
03_L.bmp,OperatorA_156-A_03.tiff,156,155
04_L.bmp,OperatorA_156-A_04.tiff,156,155
05_L.bmp,OperatorA_156-A_05.tiff,156,155
06_R.bmp,OperatorA_156-B_06.tiff,156,155
07_R.bmp,OperatorA_156-B_07.tiff,156,155
08_R.bmp,OperatorA_156-B_08.tiff,156,155
09_R.bmp,OperatorA_156-B_09.tiff,156,155
10_R.bmp,OperatorA_156-B_10.tiff,156,155
01_L.bmp,OperatorA_157-A_01.tiff,157,156
02_L.bmp,OperatorA_157-A_02.tiff,157,156
03_L.bmp,OperatorA_157-A_03.tiff,157,156
04_L.bmp,OperatorA_157-A_04.tiff,157,156
05_L.bmp,OperatorA_157-A_05.tiff,157,156
06_R.bmp,OperatorA_157-B_06.tiff,157,156
07_R.bmp,OperatorA_157-B_07.tiff,157,156
08_R.bmp,OperatorA_157-B_08.tiff,157,156
09_R.bmp,OperatorA_157-B_09.tiff,157,156
10_R.bmp,OperatorA_157-B_10.tiff,157,156
01_L.bmp,OperatorA_158-A_01.tiff,158,157
02_L.bmp,OperatorA_158-A_02.tiff,158,157
03_L.bmp,OperatorA_158-A_03.tiff,158,157
04_L.bmp,OperatorA_158-A_04.tiff,158,157
05_L.bmp,OperatorA_158-A_05.tiff,158,157
06_R.bmp,OperatorA_158-B_06.tiff,158,157
07_R.bmp,OperatorA_158-B_07.tiff,158,157
08_R.bmp,OperatorA_158-B_08.tiff,158,157
09_R.bmp,OperatorA_158-B_09.tiff,158,157
10_R.bmp,OperatorA_158-B_10.tiff,158,157
01_L.bmp,OperatorA_159-A_01.tiff,159,158
02_L.bmp,OperatorA_159-A_02.tiff,159,158
03_L.bmp,OperatorA_159-A_03.tiff,159,158
04_L.bmp,OperatorA_159-A_04.tiff,159,158
05_L.bmp,OperatorA_159-A_05.tiff,159,158
06_R.bmp,OperatorA_159-B_06.tiff,159,158
07_R.bmp,OperatorA_159-B_07.tiff,159,158
08_R.bmp,OperatorA_159-B_08.tiff,159,158
09_R.bmp,OperatorA_159-B_09.tiff,159,158
10_R.bmp,OperatorA_159-B_10.tiff,159,158
01_L.bmp,OperatorA_160-A_01.tiff,160,159
02_L.bmp,OperatorA_160-A_02.tiff,160,159
03_L.bmp,OperatorA_160-A_03.tiff,160,159
04_L.bmp,OperatorA_160-A_04.tiff,160,159
05_L.bmp,OperatorA_160-A_05.tiff,160,159
06_R.bmp,OperatorA_160-B_06.tiff,160,159
07_R.bmp,OperatorA_160-B_07.tiff,160,159
08_R.bmp,OperatorA_160-B_08.tiff,160,159
09_R.bmp,OperatorA_160-B_09.tiff,160,159
10_R.bmp,OperatorA_160-B_10.tiff,160,159
01_L.bmp,OperatorA_161-A_01.tiff,161,160
02_L.bmp,OperatorA_161-A_02.tiff,161,160
03_L.bmp,OperatorA_161-A_03.tiff,161,160
04_L.bmp,OperatorA_161-A_04.tiff,161,160
05_L.bmp,OperatorA_161-A_05.tiff,161,160
06_R.bmp,OperatorA_161-B_06.tiff,161,160
07_R.bmp,OperatorA_161-B_07.tiff,161,160
08_R.bmp,OperatorA_161-B_08.tiff,161,160
09_R.bmp,OperatorA_161-B_09.tiff,161,160
10_R.bmp,OperatorA_161-B_10.tiff,161,160
01_L.bmp,OperatorA_162-A_01.tiff,162,161
02_L.bmp,OperatorA_162-A_02.tiff,162,161
03_L.bmp,OperatorA_162-A_03.tiff,162,161
04_L.bmp,OperatorA_162-A_04.tiff,162,161
05_L.bmp,OperatorA_162-A_05.tiff,162,161
06_R.bmp,OperatorA_162-B_06.tiff,162,161
07_R.bmp,OperatorA_162-B_07.tiff,162,161
08_R.bmp,OperatorA_162-B_08.tiff,162,161
09_R.bmp,OperatorA_162-B_09.tiff,162,161
10_R.bmp,OperatorA_162-B_10.tiff,162,161
01_L.bmp,OperatorA_163-A_01.tiff,163,162
02_L.bmp,OperatorA_163-A_02.tiff,163,162
03_L.bmp,OperatorA_163-A_03.tiff,163,162
04_L.bmp,OperatorA_163-A_04.tiff,163,162
05_L.bmp,OperatorA_163-A_05.tiff,163,162
06_R.bmp,OperatorA_163-B_06.tiff,163,162
07_R.bmp,OperatorA_163-B_07.tiff,163,162
08_R.bmp,OperatorA_163-B_08.tiff,163,162
09_R.bmp,OperatorA_163-B_09.tiff,163,162
10_R.bmp,OperatorA_163-B_10.tiff,163,162
01_L.bmp,OperatorA_164-A_01.tiff,164,163
02_L.bmp,OperatorA_164-A_02.tiff,164,163
03_L.bmp,OperatorA_164-A_03.tiff,164,163
04_L.bmp,OperatorA_164-A_04.tiff,164,163
05_L.bmp,OperatorA_164-A_05.tiff,164,163
06_R.bmp,OperatorA_164-B_06.tiff,164,163
07_R.bmp,OperatorA_164-B_07.tiff,164,163
08_R.bmp,OperatorA_164-B_08.tiff,164,163
09_R.bmp,OperatorA_164-B_09.tiff,164,163
10_R.bmp,OperatorA_164-B_10.tiff,164,163
01_L.bmp,OperatorA_165-A_01.tiff,165,164
02_L.bmp,OperatorA_165-A_02.tiff,165,164
03_L.bmp,OperatorA_165-A_03.tiff,165,164
04_L.bmp,OperatorA_165-A_04.tiff,165,164
05_L.bmp,OperatorA_165-A_05.tiff,165,164
06_R.bmp,OperatorA_165-B_06.tiff,165,164
07_R.bmp,OperatorA_165-B_07.tiff,165,164
08_R.bmp,OperatorA_165-B_08.tiff,165,164
09_R.bmp,OperatorA_165-B_09.tiff,165,164
10_R.bmp,OperatorA_165-B_10.tiff,165,164
01_L.bmp,OperatorA_166-A_01.tiff,166,165
02_L.bmp,OperatorA_166-A_02.tiff,166,165
03_L.bmp,OperatorA_166-A_03.tiff,166,165
04_L.bmp,OperatorA_166-A_04.tiff,166,165
05_L.bmp,OperatorA_166-A_05.tiff,166,165
06_R.bmp,OperatorA_166-B_06.tiff,166,165
07_R.bmp,OperatorA_166-B_07.tiff,166,165
08_R.bmp,OperatorA_166-B_08.tiff,166,165
09_R.bmp,OperatorA_166-B_09.tiff,166,165
10_R.bmp,OperatorA_166-B_10.tiff,166,165
01_L.bmp,OperatorA_167-A_01.tiff,167,166
02_L.bmp,OperatorA_167-A_02.tiff,167,166
03_L.bmp,OperatorA_167-A_03.tiff,167,166
04_L.bmp,OperatorA_167-A_04.tiff,167,166
05_L.bmp,OperatorA_167-A_05.tiff,167,166
06_R.bmp,OperatorA_167-B_06.tiff,167,166
07_R.bmp,OperatorA_167-B_07.tiff,167,166
08_R.bmp,OperatorA_167-B_08.tiff,167,166
09_R.bmp,OperatorA_167-B_09.tiff,167,166
10_R.bmp,OperatorA_167-B_10.tiff,167,166
01_L.bmp,OperatorA_168-A_01.tiff,168,167
02_L.bmp,OperatorA_168-A_02.tiff,168,167
03_L.bmp,OperatorA_168-A_03.tiff,168,167
04_L.bmp,OperatorA_168-A_04.tiff,168,167
05_L.bmp,OperatorA_168-A_05.tiff,168,167
06_R.bmp,OperatorA_168-B_06.tiff,168,167
07_R.bmp,OperatorA_168-B_07.tiff,168,167
08_R.bmp,OperatorA_168-B_08.tiff,168,167
09_R.bmp,OperatorA_168-B_09.tiff,168,167
10_R.bmp,OperatorA_168-B_10.tiff,168,167
01_L.bmp,OperatorA_169-A_01.tiff,169,168
02_L.bmp,OperatorA_169-A_02.tiff,169,168
03_L.bmp,OperatorA_169-A_03.tiff,169,168
04_L.bmp,OperatorA_169-A_04.tiff,169,168
05_L.bmp,OperatorA_169-A_05.tiff,169,168
06_R.bmp,OperatorA_169-B_06.tiff,169,168
07_R.bmp,OperatorA_169-B_07.tiff,169,168
08_R.bmp,OperatorA_169-B_08.tiff,169,168
09_R.bmp,OperatorA_169-B_09.tiff,169,168
10_R.bmp,OperatorA_169-B_10.tiff,169,168
01_L.bmp,OperatorA_170-A_01.tiff,170,169
02_L.bmp,OperatorA_170-A_02.tiff,170,169
03_L.bmp,OperatorA_170-A_03.tiff,170,169
04_L.bmp,OperatorA_170-A_04.tiff,170,169
05_L.bmp,OperatorA_170-A_05.tiff,170,169
06_R.bmp,OperatorA_170-B_06.tiff,170,169
07_R.bmp,OperatorA_170-B_07.tiff,170,169
08_R.bmp,OperatorA_170-B_08.tiff,170,169
09_R.bmp,OperatorA_170-B_09.tiff,170,169
10_R.bmp,OperatorA_170-B_10.tiff,170,169
01_L.bmp,OperatorA_171-A_01.tiff,171,170
02_L.bmp,OperatorA_171-A_02.tiff,171,170
03_L.bmp,OperatorA_171-A_03.tiff,171,170
04_L.bmp,OperatorA_171-A_04.tiff,171,170
05_L.bmp,OperatorA_171-A_05.tiff,171,170
06_R.bmp,OperatorA_171-B_06.tiff,171,170
07_R.bmp,OperatorA_171-B_07.tiff,171,170
08_R.bmp,OperatorA_171-B_08.tiff,171,170
09_R.bmp,OperatorA_171-B_09.tiff,171,170
10_R.bmp,OperatorA_171-B_10.tiff,171,170
01_L.bmp,OperatorA_172-A_01.tiff,172,171
02_L.bmp,OperatorA_172-A_02.tiff,172,171
03_L.bmp,OperatorA_172-A_03.tiff,172,171
04_L.bmp,OperatorA_172-A_04.tiff,172,171
05_L.bmp,OperatorA_172-A_05.tiff,172,171
06_R.bmp,OperatorA_172-B_06.tiff,172,171
07_R.bmp,OperatorA_172-B_07.tiff,172,171
08_R.bmp,OperatorA_172-B_08.tiff,172,171
09_R.bmp,OperatorA_172-B_09.tiff,172,171
10_R.bmp,OperatorA_172-B_10.tiff,172,171
01_L.bmp,OperatorA_173-A_01.tiff,173,172
02_L.bmp,OperatorA_173-A_02.tiff,173,172
03_L.bmp,OperatorA_173-A_03.tiff,173,172
04_L.bmp,OperatorA_173-A_04.tiff,173,172
05_L.bmp,OperatorA_173-A_05.tiff,173,172
06_R.bmp,OperatorA_173-B_06.tiff,173,172
07_R.bmp,OperatorA_173-B_07.tiff,173,172
08_R.bmp,OperatorA_173-B_08.tiff,173,172
09_R.bmp,OperatorA_173-B_09.tiff,173,172
10_R.bmp,OperatorA_173-B_10.tiff,173,172
01_L.bmp,OperatorA_174-A_01.tiff,174,173
02_L.bmp,OperatorA_174-A_02.tiff,174,173
03_L.bmp,OperatorA_174-A_03.tiff,174,173
04_L.bmp,OperatorA_174-A_04.tiff,174,173
05_L.bmp,OperatorA_174-A_05.tiff,174,173
06_R.bmp,OperatorA_174-B_06.tiff,174,173
07_R.bmp,OperatorA_174-B_07.tiff,174,173
08_R.bmp,OperatorA_174-B_08.tiff,174,173
09_R.bmp,OperatorA_174-B_09.tiff,174,173
10_R.bmp,OperatorA_174-B_10.tiff,174,173
01_L.bmp,OperatorA_175-A_01.tiff,175,174
02_L.bmp,OperatorA_175-A_02.tiff,175,174
03_L.bmp,OperatorA_175-A_03.tiff,175,174
04_L.bmp,OperatorA_175-A_04.tiff,175,174
05_L.bmp,OperatorA_175-A_05.tiff,175,174
06_R.bmp,OperatorA_175-B_06.tiff,175,174
07_R.bmp,OperatorA_175-B_07.tiff,175,174
08_R.bmp,OperatorA_175-B_08.tiff,175,174
09_R.bmp,OperatorA_175-B_09.tiff,175,174
10_R.bmp,OperatorA_175-B_10.tiff,175,174
01_L.bmp,OperatorA_176-A_01.tiff,176,175
02_L.bmp,OperatorA_176-A_02.tiff,176,175
03_L.bmp,OperatorA_176-A_03.tiff,176,175
04_L.bmp,OperatorA_176-A_04.tiff,176,175
05_L.bmp,OperatorA_176-A_05.tiff,176,175
06_R.bmp,OperatorA_176-B_06.tiff,176,175
07_R.bmp,OperatorA_176-B_07.tiff,176,175
08_R.bmp,OperatorA_176-B_08.tiff,176,175
09_R.bmp,OperatorA_176-B_09.tiff,176,175
10_R.bmp,OperatorA_176-B_10.tiff,176,175
01_L.bmp,OperatorA_177-A_01.tiff,177,176
02_L.bmp,OperatorA_177-A_02.tiff,177,176
03_L.bmp,OperatorA_177-A_03.tiff,177,176
04_L.bmp,OperatorA_177-A_04.tiff,177,176
05_L.bmp,OperatorA_177-A_05.tiff,177,176
06_R.bmp,OperatorA_177-B_06.tiff,177,176
07_R.bmp,OperatorA_177-B_07.tiff,177,176
08_R.bmp,OperatorA_177-B_08.tiff,177,176
09_R.bmp,OperatorA_177-B_09.tiff,177,176
10_R.bmp,OperatorA_177-B_10.tiff,177,176
01_L.bmp,OperatorA_178-A_01.tiff,178,177
02_L.bmp,OperatorA_178-A_02.tiff,178,177
03_L.bmp,OperatorA_178-A_03.tiff,178,177
04_L.bmp,OperatorA_178-A_04.tiff,178,177
05_L.bmp,OperatorA_178-A_05.tiff,178,177
06_R.bmp,OperatorA_178-B_06.tiff,178,177
07_R.bmp,OperatorA_178-B_07.tiff,178,177
08_R.bmp,OperatorA_178-B_08.tiff,178,177
09_R.bmp,OperatorA_178-B_09.tiff,178,177
10_R.bmp,OperatorA_178-B_10.tiff,178,177
01_L.bmp,OperatorA_179-A_01.tiff,179,178
02_L.bmp,OperatorA_179-A_02.tiff,179,178
03_L.bmp,OperatorA_179-A_03.tiff,179,178
04_L.bmp,OperatorA_179-A_04.tiff,179,178
05_L.bmp,OperatorA_179-A_05.tiff,179,178
06_R.bmp,OperatorA_179-B_06.tiff,179,178
07_R.bmp,OperatorA_179-B_07.tiff,179,178
08_R.bmp,OperatorA_179-B_08.tiff,179,178
09_R.bmp,OperatorA_179-B_09.tiff,179,178
10_R.bmp,OperatorA_179-B_10.tiff,179,178
01_L.bmp,OperatorA_180-A_01.tiff,180,179
02_L.bmp,OperatorA_180-A_02.tiff,180,179
03_L.bmp,OperatorA_180-A_03.tiff,180,179
04_L.bmp,OperatorA_180-A_04.tiff,180,179
05_L.bmp,OperatorA_180-A_05.tiff,180,179
06_R.bmp,OperatorA_180-B_06.tiff,180,179
07_R.bmp,OperatorA_180-B_07.tiff,180,179
08_R.bmp,OperatorA_180-B_08.tiff,180,179
09_R.bmp,OperatorA_180-B_09.tiff,180,179
10_R.bmp,OperatorA_180-B_10.tiff,180,179
01_L.bmp,OperatorA_181-A_01.tiff,181,180
02_L.bmp,OperatorA_181-A_02.tiff,181,180
03_L.bmp,OperatorA_181-A_03.tiff,181,180
04_L.bmp,OperatorA_181-A_04.tiff,181,180
05_L.bmp,OperatorA_181-A_05.tiff,181,180
06_R.bmp,OperatorA_181-B_06.tiff,181,180
07_R.bmp,OperatorA_181-B_07.tiff,181,180
08_R.bmp,OperatorA_181-B_08.tiff,181,180
09_R.bmp,OperatorA_181-B_09.tiff,181,180
10_R.bmp,OperatorA_181-B_10.tiff,181,180
01_L.bmp,OperatorA_182-A_01.tiff,182,181
02_L.bmp,OperatorA_182-A_02.tiff,182,181
03_L.bmp,OperatorA_182-A_03.tiff,182,181
04_L.bmp,OperatorA_182-A_04.tiff,182,181
05_L.bmp,OperatorA_182-A_05.tiff,182,181
06_R.bmp,OperatorA_182-B_06.tiff,182,181
07_R.bmp,OperatorA_182-B_07.tiff,182,181
08_R.bmp,OperatorA_182-B_08.tiff,182,181
09_R.bmp,OperatorA_182-B_09.tiff,182,181
10_R.bmp,OperatorA_182-B_10.tiff,182,181
01_L.bmp,OperatorA_183-A_01.tiff,183,182
02_L.bmp,OperatorA_183-A_02.tiff,183,182
03_L.bmp,OperatorA_183-A_03.tiff,183,182
04_L.bmp,OperatorA_183-A_04.tiff,183,182
05_L.bmp,OperatorA_183-A_05.tiff,183,182
06_R.bmp,OperatorA_183-B_06.tiff,183,182
07_R.bmp,OperatorA_183-B_07.tiff,183,182
08_R.bmp,OperatorA_183-B_08.tiff,183,182
09_R.bmp,OperatorA_183-B_09.tiff,183,182
10_R.bmp,OperatorA_183-B_10.tiff,183,182
01_L.bmp,OperatorA_184-A_01.tiff,184,183
02_L.bmp,OperatorA_184-A_02.tiff,184,183
03_L.bmp,OperatorA_184-A_03.tiff,184,183
04_L.bmp,OperatorA_184-A_04.tiff,184,183
05_L.bmp,OperatorA_184-A_05.tiff,184,183
06_R.bmp,OperatorA_184-B_06.tiff,184,183
07_R.bmp,OperatorA_184-B_07.tiff,184,183
08_R.bmp,OperatorA_184-B_08.tiff,184,183
09_R.bmp,OperatorA_184-B_09.tiff,184,183
10_R.bmp,OperatorA_184-B_10.tiff,184,183
01_L.bmp,OperatorA_185-A_01.tiff,185,184
02_L.bmp,OperatorA_185-A_02.tiff,185,184
03_L.bmp,OperatorA_185-A_03.tiff,185,184
04_L.bmp,OperatorA_185-A_04.tiff,185,184
05_L.bmp,OperatorA_185-A_05.tiff,185,184
06_R.bmp,OperatorA_185-B_06.tiff,185,184
07_R.bmp,OperatorA_185-B_07.tiff,185,184
08_R.bmp,OperatorA_185-B_08.tiff,185,184
09_R.bmp,OperatorA_185-B_09.tiff,185,184
10_R.bmp,OperatorA_185-B_10.tiff,185,184
01_L.bmp,OperatorA_186-A_01.tiff,186,185
02_L.bmp,OperatorA_186-A_02.tiff,186,185
03_L.bmp,OperatorA_186-A_03.tiff,186,185
04_L.bmp,OperatorA_186-A_04.tiff,186,185
05_L.bmp,OperatorA_186-A_05.tiff,186,185
06_R.bmp,OperatorA_186-B_06.tiff,186,185
07_R.bmp,OperatorA_186-B_07.tiff,186,185
08_R.bmp,OperatorA_186-B_08.tiff,186,185
09_R.bmp,OperatorA_186-B_09.tiff,186,185
10_R.bmp,OperatorA_186-B_10.tiff,186,185
01_L.bmp,OperatorA_187-A_01.tiff,187,186
02_L.bmp,OperatorA_187-A_02.tiff,187,186
03_L.bmp,OperatorA_187-A_03.tiff,187,186
04_L.bmp,OperatorA_187-A_04.tiff,187,186
05_L.bmp,OperatorA_187-A_05.tiff,187,186
06_R.bmp,OperatorA_187-B_06.tiff,187,186
07_R.bmp,OperatorA_187-B_07.tiff,187,186
08_R.bmp,OperatorA_187-B_08.tiff,187,186
09_R.bmp,OperatorA_187-B_09.tiff,187,186
10_R.bmp,OperatorA_187-B_10.tiff,187,186
01_L.bmp,OperatorA_188-A_01.tiff,188,187
02_L.bmp,OperatorA_188-A_02.tiff,188,187
03_L.bmp,OperatorA_188-A_03.tiff,188,187
04_L.bmp,OperatorA_188-A_04.tiff,188,187
05_L.bmp,OperatorA_188-A_05.tiff,188,187
06_R.bmp,OperatorA_188-B_06.tiff,188,187
07_R.bmp,OperatorA_188-B_07.tiff,188,187
08_R.bmp,OperatorA_188-B_08.tiff,188,187
09_R.bmp,OperatorA_188-B_09.tiff,188,187
10_R.bmp,OperatorA_188-B_10.tiff,188,187
01_L.bmp,OperatorA_189-A_01.tiff,189,188
02_L.bmp,OperatorA_189-A_02.tiff,189,188
03_L.bmp,OperatorA_189-A_03.tiff,189,188
04_L.bmp,OperatorA_189-A_04.tiff,189,188
05_L.bmp,OperatorA_189-A_05.tiff,189,188
06_R.bmp,OperatorA_189-B_06.tiff,189,188
07_R.bmp,OperatorA_189-B_07.tiff,189,188
08_R.bmp,OperatorA_189-B_08.tiff,189,188
09_R.bmp,OperatorA_189-B_09.tiff,189,188
10_R.bmp,OperatorA_189-B_10.tiff,189,188
01_L.bmp,OperatorA_190-A_01.tiff,190,189
02_L.bmp,OperatorA_190-A_02.tiff,190,189
03_L.bmp,OperatorA_190-A_03.tiff,190,189
04_L.bmp,OperatorA_190-A_04.tiff,190,189
05_L.bmp,OperatorA_190-A_05.tiff,190,189
06_R.bmp,OperatorA_190-B_06.tiff,190,189
07_R.bmp,OperatorA_190-B_07.tiff,190,189
08_R.bmp,OperatorA_190-B_08.tiff,190,189
09_R.bmp,OperatorA_190-B_09.tiff,190,189
10_R.bmp,OperatorA_190-B_10.tiff,190,189
01_L.bmp,OperatorA_191-A_01.tiff,191,190
02_L.bmp,OperatorA_191-A_02.tiff,191,190
03_L.bmp,OperatorA_191-A_03.tiff,191,190
04_L.bmp,OperatorA_191-A_04.tiff,191,190
05_L.bmp,OperatorA_191-A_05.tiff,191,190
06_R.bmp,OperatorA_191-B_06.tiff,191,190
07_R.bmp,OperatorA_191-B_07.tiff,191,190
08_R.bmp,OperatorA_191-B_08.tiff,191,190
09_R.bmp,OperatorA_191-B_09.tiff,191,190
10_R.bmp,OperatorA_191-B_10.tiff,191,190
01_L.bmp,OperatorA_192-A_01.tiff,192,191
02_L.bmp,OperatorA_192-A_02.tiff,192,191
03_L.bmp,OperatorA_192-A_03.tiff,192,191
04_L.bmp,OperatorA_192-A_04.tiff,192,191
05_L.bmp,OperatorA_192-A_05.tiff,192,191
06_R.bmp,OperatorA_192-B_06.tiff,192,191
07_R.bmp,OperatorA_192-B_07.tiff,192,191
08_R.bmp,OperatorA_192-B_08.tiff,192,191
09_R.bmp,OperatorA_192-B_09.tiff,192,191
10_R.bmp,OperatorA_192-B_10.tiff,192,191
01_L.bmp,OperatorA_193-A_01.tiff,193,192
02_L.bmp,OperatorA_193-A_02.tiff,193,192
03_L.bmp,OperatorA_193-A_03.tiff,193,192
04_L.bmp,OperatorA_193-A_04.tiff,193,192
05_L.bmp,OperatorA_193-A_05.tiff,193,192
06_R.bmp,OperatorA_193-B_06.tiff,193,192
07_R.bmp,OperatorA_193-B_07.tiff,193,192
08_R.bmp,OperatorA_193-B_08.tiff,193,192
09_R.bmp,OperatorA_193-B_09.tiff,193,192
10_R.bmp,OperatorA_193-B_10.tiff,193,192
01_L.bmp,OperatorA_194-A_01.tiff,194,193
02_L.bmp,OperatorA_194-A_02.tiff,194,193
03_L.bmp,OperatorA_194-A_03.tiff,194,193
04_L.bmp,OperatorA_194-A_04.tiff,194,193
05_L.bmp,OperatorA_194-A_05.tiff,194,193
06_R.bmp,OperatorA_194-B_06.tiff,194,193
07_R.bmp,OperatorA_194-B_07.tiff,194,193
08_R.bmp,OperatorA_194-B_08.tiff,194,193
09_R.bmp,OperatorA_194-B_09.tiff,194,193
10_R.bmp,OperatorA_194-B_10.tiff,194,193
01_L.bmp,OperatorA_195-A_01.tiff,195,194
02_L.bmp,OperatorA_195-A_02.tiff,195,194
03_L.bmp,OperatorA_195-A_03.tiff,195,194
04_L.bmp,OperatorA_195-A_04.tiff,195,194
05_L.bmp,OperatorA_195-A_05.tiff,195,194
06_R.bmp,OperatorA_195-B_06.tiff,195,194
07_R.bmp,OperatorA_195-B_07.tiff,195,194
08_R.bmp,OperatorA_195-B_08.tiff,195,194
09_R.bmp,OperatorA_195-B_09.tiff,195,194
10_R.bmp,OperatorA_195-B_10.tiff,195,194
01_L.bmp,OperatorA_196-A_01.tiff,196,195
02_L.bmp,OperatorA_196-A_02.tiff,196,195
03_L.bmp,OperatorA_196-A_03.tiff,196,195
04_L.bmp,OperatorA_196-A_04.tiff,196,195
05_L.bmp,OperatorA_196-A_05.tiff,196,195
06_R.bmp,OperatorA_196-B_06.tiff,196,195
07_R.bmp,OperatorA_196-B_07.tiff,196,195
08_R.bmp,OperatorA_196-B_08.tiff,196,195
09_R.bmp,OperatorA_196-B_09.tiff,196,195
10_R.bmp,OperatorA_196-B_10.tiff,196,195
01_L.bmp,OperatorA_197-A_01.tiff,197,196
02_L.bmp,OperatorA_197-A_02.tiff,197,196
03_L.bmp,OperatorA_197-A_03.tiff,197,196
04_L.bmp,OperatorA_197-A_04.tiff,197,196
05_L.bmp,OperatorA_197-A_05.tiff,197,196
06_R.bmp,OperatorA_197-B_06.tiff,197,196
07_R.bmp,OperatorA_197-B_07.tiff,197,196
08_R.bmp,OperatorA_197-B_08.tiff,197,196
09_R.bmp,OperatorA_197-B_09.tiff,197,196
10_R.bmp,OperatorA_197-B_10.tiff,197,196
01_L.bmp,OperatorA_198-A_01.tiff,198,197
02_L.bmp,OperatorA_198-A_02.tiff,198,197
03_L.bmp,OperatorA_198-A_03.tiff,198,197
04_L.bmp,OperatorA_198-A_04.tiff,198,197
05_L.bmp,OperatorA_198-A_05.tiff,198,197
06_R.bmp,OperatorA_198-B_06.tiff,198,197
07_R.bmp,OperatorA_198-B_07.tiff,198,197
08_R.bmp,OperatorA_198-B_08.tiff,198,197
09_R.bmp,OperatorA_198-B_09.tiff,198,197
10_R.bmp,OperatorA_198-B_10.tiff,198,197
01_L.bmp,OperatorA_199-A_01.tiff,199,198
02_L.bmp,OperatorA_199-A_02.tiff,199,198
03_L.bmp,OperatorA_199-A_03.tiff,199,198
04_L.bmp,OperatorA_199-A_04.tiff,199,198
05_L.bmp,OperatorA_199-A_05.tiff,199,198
06_R.bmp,OperatorA_199-B_06.tiff,199,198
07_R.bmp,OperatorA_199-B_07.tiff,199,198
08_R.bmp,OperatorA_199-B_08.tiff,199,198
09_R.bmp,OperatorA_199-B_09.tiff,199,198
10_R.bmp,OperatorA_199-B_10.tiff,199,198
01_L.bmp,OperatorA_200-A_01.tiff,200,199
02_L.bmp,OperatorA_200-A_02.tiff,200,199
03_L.bmp,OperatorA_200-A_03.tiff,200,199
04_L.bmp,OperatorA_200-A_04.tiff,200,199
05_L.bmp,OperatorA_200-A_05.tiff,200,199
06_R.bmp,OperatorA_200-B_06.tiff,200,199
07_R.bmp,OperatorA_200-B_07.tiff,200,199
08_R.bmp,OperatorA_200-B_08.tiff,200,199
09_R.bmp,OperatorA_200-B_09.tiff,200,199
10_R.bmp,OperatorA_200-B_10.tiff,200,199
01_L.bmp,OperatorA_201-A_01.tiff,201,200
02_L.bmp,OperatorA_201-A_02.tiff,201,200
03_L.bmp,OperatorA_201-A_03.tiff,201,200
04_L.bmp,OperatorA_201-A_04.tiff,201,200
05_L.bmp,OperatorA_201-A_05.tiff,201,200
06_R.bmp,OperatorA_201-B_06.tiff,201,200
07_R.bmp,OperatorA_201-B_07.tiff,201,200
08_R.bmp,OperatorA_201-B_08.tiff,201,200
09_R.bmp,OperatorA_201-B_09.tiff,201,200
10_R.bmp,OperatorA_201-B_10.tiff,201,200
01_L.bmp,OperatorA_202-A_01.tiff,202,201
02_L.bmp,OperatorA_202-A_02.tiff,202,201
03_L.bmp,OperatorA_202-A_03.tiff,202,201
04_L.bmp,OperatorA_202-A_04.tiff,202,201
05_L.bmp,OperatorA_202-A_05.tiff,202,201
06_R.bmp,OperatorA_202-B_06.tiff,202,201
07_R.bmp,OperatorA_202-B_07.tiff,202,201
08_R.bmp,OperatorA_202-B_08.tiff,202,201
09_R.bmp,OperatorA_202-B_09.tiff,202,201
10_R.bmp,OperatorA_202-B_10.tiff,202,201
01_L.bmp,OperatorA_203-A_01.tiff,203,202
02_L.bmp,OperatorA_203-A_02.tiff,203,202
03_L.bmp,OperatorA_203-A_03.tiff,203,202
04_L.bmp,OperatorA_203-A_04.tiff,203,202
05_L.bmp,OperatorA_203-A_05.tiff,203,202
06_R.bmp,OperatorA_203-B_06.tiff,203,202
07_R.bmp,OperatorA_203-B_07.tiff,203,202
08_R.bmp,OperatorA_203-B_08.tiff,203,202
09_R.bmp,OperatorA_203-B_09.tiff,203,202
10_R.bmp,OperatorA_203-B_10.tiff,203,202
01_L.bmp,OperatorA_204-A_01.tiff,204,203
02_L.bmp,OperatorA_204-A_02.tiff,204,203
03_L.bmp,OperatorA_204-A_03.tiff,204,203
04_L.bmp,OperatorA_204-A_04.tiff,204,203
05_L.bmp,OperatorA_204-A_05.tiff,204,203
06_R.bmp,OperatorA_204-B_06.tiff,204,203
07_R.bmp,OperatorA_204-B_07.tiff,204,203
08_R.bmp,OperatorA_204-B_08.tiff,204,203
09_R.bmp,OperatorA_204-B_09.tiff,204,203
10_R.bmp,OperatorA_204-B_10.tiff,204,203
01_L.bmp,OperatorA_205-A_01.tiff,205,204
02_L.bmp,OperatorA_205-A_02.tiff,205,204
03_L.bmp,OperatorA_205-A_03.tiff,205,204
04_L.bmp,OperatorA_205-A_04.tiff,205,204
05_L.bmp,OperatorA_205-A_05.tiff,205,204
06_R.bmp,OperatorA_205-B_06.tiff,205,204
07_R.bmp,OperatorA_205-B_07.tiff,205,204
08_R.bmp,OperatorA_205-B_08.tiff,205,204
09_R.bmp,OperatorA_205-B_09.tiff,205,204
10_R.bmp,OperatorA_205-B_10.tiff,205,204
01_L.bmp,OperatorA_206-A_01.tiff,206,205
02_L.bmp,OperatorA_206-A_02.tiff,206,205
03_L.bmp,OperatorA_206-A_03.tiff,206,205
04_L.bmp,OperatorA_206-A_04.tiff,206,205
05_L.bmp,OperatorA_206-A_05.tiff,206,205
06_R.bmp,OperatorA_206-B_06.tiff,206,205
07_R.bmp,OperatorA_206-B_07.tiff,206,205
08_R.bmp,OperatorA_206-B_08.tiff,206,205
09_R.bmp,OperatorA_206-B_09.tiff,206,205
10_R.bmp,OperatorA_206-B_10.tiff,206,205
01_L.bmp,OperatorA_207-A_01.tiff,207,206
02_L.bmp,OperatorA_207-A_02.tiff,207,206
03_L.bmp,OperatorA_207-A_03.tiff,207,206
04_L.bmp,OperatorA_207-A_04.tiff,207,206
05_L.bmp,OperatorA_207-A_05.tiff,207,206
06_R.bmp,OperatorA_207-B_06.tiff,207,206
07_R.bmp,OperatorA_207-B_07.tiff,207,206
08_R.bmp,OperatorA_207-B_08.tiff,207,206
09_R.bmp,OperatorA_207-B_09.tiff,207,206
10_R.bmp,OperatorA_207-B_10.tiff,207,206
01_L.bmp,OperatorA_208-A_01.tiff,208,207
02_L.bmp,OperatorA_208-A_02.tiff,208,207
03_L.bmp,OperatorA_208-A_03.tiff,208,207
04_L.bmp,OperatorA_208-A_04.tiff,208,207
05_L.bmp,OperatorA_208-A_05.tiff,208,207
06_R.bmp,OperatorA_208-B_06.tiff,208,207
07_R.bmp,OperatorA_208-B_07.tiff,208,207
08_R.bmp,OperatorA_208-B_08.tiff,208,207
09_R.bmp,OperatorA_208-B_09.tiff,208,207
10_R.bmp,OperatorA_208-B_10.tiff,208,207
01_L.bmp,OperatorA_209-A_01.tiff,209,208
02_L.bmp,OperatorA_209-A_02.tiff,209,208
03_L.bmp,OperatorA_209-A_03.tiff,209,208
04_L.bmp,OperatorA_209-A_04.tiff,209,208
05_L.bmp,OperatorA_209-A_05.tiff,209,208
06_R.bmp,OperatorA_209-B_06.tiff,209,208
07_R.bmp,OperatorA_209-B_07.tiff,209,208
08_R.bmp,OperatorA_209-B_08.tiff,209,208
09_R.bmp,OperatorA_209-B_09.tiff,209,208
10_R.bmp,OperatorA_209-B_10.tiff,209,208
01_L.bmp,OperatorA_210-A_01.tiff,210,209
02_L.bmp,OperatorA_210-A_02.tiff,210,209
03_L.bmp,OperatorA_210-A_03.tiff,210,209
04_L.bmp,OperatorA_210-A_04.tiff,210,209
05_L.bmp,OperatorA_210-A_05.tiff,210,209
06_R.bmp,OperatorA_210-B_06.tiff,210,209
07_R.bmp,OperatorA_210-B_07.tiff,210,209
08_R.bmp,OperatorA_210-B_08.tiff,210,209
09_R.bmp,OperatorA_210-B_09.tiff,210,209
10_R.bmp,OperatorA_210-B_10.tiff,210,209
01_L.bmp,OperatorA_211-A_01.tiff,211,210
02_L.bmp,OperatorA_211-A_02.tiff,211,210
03_L.bmp,OperatorA_211-A_03.tiff,211,210
04_L.bmp,OperatorA_211-A_04.tiff,211,210
05_L.bmp,OperatorA_211-A_05.tiff,211,210
06_R.bmp,OperatorA_211-B_06.tiff,211,210
07_R.bmp,OperatorA_211-B_07.tiff,211,210
08_R.bmp,OperatorA_211-B_08.tiff,211,210
09_R.bmp,OperatorA_211-B_09.tiff,211,210
10_R.bmp,OperatorA_211-B_10.tiff,211,210
01_L.bmp,OperatorA_212-A_01.tiff,212,211
02_L.bmp,OperatorA_212-A_02.tiff,212,211
03_L.bmp,OperatorA_212-A_03.tiff,212,211
04_L.bmp,OperatorA_212-A_04.tiff,212,211
05_L.bmp,OperatorA_212-A_05.tiff,212,211
06_R.bmp,OperatorA_212-B_06.tiff,212,211
07_R.bmp,OperatorA_212-B_07.tiff,212,211
08_R.bmp,OperatorA_212-B_08.tiff,212,211
09_R.bmp,OperatorA_212-B_09.tiff,212,211
10_R.bmp,OperatorA_212-B_10.tiff,212,211
01_L.bmp,OperatorA_213-A_01.tiff,213,212
02_L.bmp,OperatorA_213-A_02.tiff,213,212
03_L.bmp,OperatorA_213-A_03.tiff,213,212
04_L.bmp,OperatorA_213-A_04.tiff,213,212
05_L.bmp,OperatorA_213-A_05.tiff,213,212
06_R.bmp,OperatorA_213-B_06.tiff,213,212
07_R.bmp,OperatorA_213-B_07.tiff,213,212
08_R.bmp,OperatorA_213-B_08.tiff,213,212
09_R.bmp,OperatorA_213-B_09.tiff,213,212
10_R.bmp,OperatorA_213-B_10.tiff,213,212
01_L.bmp,OperatorA_214-A_01.tiff,214,213
02_L.bmp,OperatorA_214-A_02.tiff,214,213
03_L.bmp,OperatorA_214-A_03.tiff,214,213
04_L.bmp,OperatorA_214-A_04.tiff,214,213
05_L.bmp,OperatorA_214-A_05.tiff,214,213
06_R.bmp,OperatorA_214-B_06.tiff,214,213
07_R.bmp,OperatorA_214-B_07.tiff,214,213
08_R.bmp,OperatorA_214-B_08.tiff,214,213
09_R.bmp,OperatorA_214-B_09.tiff,214,213
10_R.bmp,OperatorA_214-B_10.tiff,214,213
01_L.bmp,OperatorA_215-A_01.tiff,215,214
02_L.bmp,OperatorA_215-A_02.tiff,215,214
03_L.bmp,OperatorA_215-A_03.tiff,215,214
04_L.bmp,OperatorA_215-A_04.tiff,215,214
05_L.bmp,OperatorA_215-A_05.tiff,215,214
06_R.bmp,OperatorA_215-B_06.tiff,215,214
07_R.bmp,OperatorA_215-B_07.tiff,215,214
08_R.bmp,OperatorA_215-B_08.tiff,215,214
09_R.bmp,OperatorA_215-B_09.tiff,215,214
10_R.bmp,OperatorA_215-B_10.tiff,215,214
01_L.bmp,OperatorA_216-A_01.tiff,216,215
02_L.bmp,OperatorA_216-A_02.tiff,216,215
03_L.bmp,OperatorA_216-A_03.tiff,216,215
04_L.bmp,OperatorA_216-A_04.tiff,216,215
05_L.bmp,OperatorA_216-A_05.tiff,216,215
06_R.bmp,OperatorA_216-B_06.tiff,216,215
07_R.bmp,OperatorA_216-B_07.tiff,216,215
08_R.bmp,OperatorA_216-B_08.tiff,216,215
09_R.bmp,OperatorA_216-B_09.tiff,216,215
10_R.bmp,OperatorA_216-B_10.tiff,216,215
01_L.bmp,OperatorA_217-A_01.tiff,217,216
02_L.bmp,OperatorA_217-A_02.tiff,217,216
03_L.bmp,OperatorA_217-A_03.tiff,217,216
04_L.bmp,OperatorA_217-A_04.tiff,217,216
05_L.bmp,OperatorA_217-A_05.tiff,217,216
06_R.bmp,OperatorA_217-B_06.tiff,217,216
07_R.bmp,OperatorA_217-B_07.tiff,217,216
08_R.bmp,OperatorA_217-B_08.tiff,217,216
09_R.bmp,OperatorA_217-B_09.tiff,217,216
10_R.bmp,OperatorA_217-B_10.tiff,217,216
01_L.bmp,OperatorA_218-A_01.tiff,218,217
02_L.bmp,OperatorA_218-A_02.tiff,218,217
03_L.bmp,OperatorA_218-A_03.tiff,218,217
04_L.bmp,OperatorA_218-A_04.tiff,218,217
05_L.bmp,OperatorA_218-A_05.tiff,218,217
06_R.bmp,OperatorA_218-B_06.tiff,218,217
07_R.bmp,OperatorA_218-B_07.tiff,218,217
08_R.bmp,OperatorA_218-B_08.tiff,218,217
09_R.bmp,OperatorA_218-B_09.tiff,218,217
10_R.bmp,OperatorA_218-B_10.tiff,218,217
01_L.bmp,OperatorA_219-A_01.tiff,219,218
02_L.bmp,OperatorA_219-A_02.tiff,219,218
03_L.bmp,OperatorA_219-A_03.tiff,219,218
04_L.bmp,OperatorA_219-A_04.tiff,219,218
05_L.bmp,OperatorA_219-A_05.tiff,219,218
06_R.bmp,OperatorA_219-B_06.tiff,219,218
07_R.bmp,OperatorA_219-B_07.tiff,219,218
08_R.bmp,OperatorA_219-B_08.tiff,219,218
09_R.bmp,OperatorA_219-B_09.tiff,219,218
10_R.bmp,OperatorA_219-B_10.tiff,219,218
01_L.bmp,OperatorA_220-A_01.tiff,220,219
02_L.bmp,OperatorA_220-A_02.tiff,220,219
03_L.bmp,OperatorA_220-A_03.tiff,220,219
04_L.bmp,OperatorA_220-A_04.tiff,220,219
05_L.bmp,OperatorA_220-A_05.tiff,220,219
06_R.bmp,OperatorA_220-B_06.tiff,220,219
07_R.bmp,OperatorA_220-B_07.tiff,220,219
08_R.bmp,OperatorA_220-B_08.tiff,220,219
09_R.bmp,OperatorA_220-B_09.tiff,220,219
10_R.bmp,OperatorA_220-B_10.tiff,220,219
01_L.bmp,OperatorA_221-A_01.tiff,221,220
02_L.bmp,OperatorA_221-A_02.tiff,221,220
03_L.bmp,OperatorA_221-A_03.tiff,221,220
04_L.bmp,OperatorA_221-A_04.tiff,221,220
05_L.bmp,OperatorA_221-A_05.tiff,221,220
06_R.bmp,OperatorA_221-B_06.tiff,221,220
07_R.bmp,OperatorA_221-B_07.tiff,221,220
08_R.bmp,OperatorA_221-B_08.tiff,221,220
09_R.bmp,OperatorA_221-B_09.tiff,221,220
10_R.bmp,OperatorA_221-B_10.tiff,221,220
01_L.bmp,OperatorA_222-A_01.tiff,222,221
02_L.bmp,OperatorA_222-A_02.tiff,222,221
03_L.bmp,OperatorA_222-A_03.tiff,222,221
04_L.bmp,OperatorA_222-A_04.tiff,222,221
05_L.bmp,OperatorA_222-A_05.tiff,222,221
06_R.bmp,OperatorA_222-B_06.tiff,222,221
07_R.bmp,OperatorA_222-B_07.tiff,222,221
08_R.bmp,OperatorA_222-B_08.tiff,222,221
09_R.bmp,OperatorA_222-B_09.tiff,222,221
10_R.bmp,OperatorA_222-B_10.tiff,222,221
01_L.bmp,OperatorA_223-A_01.tiff,223,222
02_L.bmp,OperatorA_223-A_02.tiff,223,222
03_L.bmp,OperatorA_223-A_03.tiff,223,222
04_L.bmp,OperatorA_223-A_04.tiff,223,222
05_L.bmp,OperatorA_223-A_05.tiff,223,222
06_R.bmp,OperatorA_223-B_06.tiff,223,222
07_R.bmp,OperatorA_223-B_07.tiff,223,222
08_R.bmp,OperatorA_223-B_08.tiff,223,222
09_R.bmp,OperatorA_223-B_09.tiff,223,222
10_R.bmp,OperatorA_223-B_10.tiff,223,222
01_L.bmp,OperatorA_224-A_01.tiff,224,223
02_L.bmp,OperatorA_224-A_02.tiff,224,223
03_L.bmp,OperatorA_224-A_03.tiff,224,223
04_L.bmp,OperatorA_224-A_04.tiff,224,223
05_L.bmp,OperatorA_224-A_05.tiff,224,223
06_R.bmp,OperatorA_224-B_06.tiff,224,223
07_R.bmp,OperatorA_224-B_07.tiff,224,223
08_R.bmp,OperatorA_224-B_08.tiff,224,223
09_R.bmp,OperatorA_224-B_09.tiff,224,223
10_R.bmp,OperatorA_224-B_10.tiff,224,223
